Date,Hort.06,Hort.07,Bvl.VII.1,PP.Peach.Avl,Bvl.PP.Pch.1,Bvl.PP.Pch.2,Avl.PP.1,Avl.PP.2,Bvl.VII.2
"Monday, April 20, 1981",,,,,,,,,NA
"Monday, April 27, 1981",,,,,,,,,NA
"Monday, May 04, 1981",,,,,,,,,NA
"Monday, May 11, 1981",,,,,,,,,NA
"Monday, May 18, 1981",,,,,,,,,NA
"Monday, May 25, 1981",,,,,,,,,NA
"Monday, June 01, 1981",,,,,,,,, 
"Monday, June 08, 1981",,,,,,,,,NA
"Monday, June 15, 1981",,,,,,,,,NA
"Monday, June 22, 1981",,,,,,,,,NA
"Monday, June 29, 1981",,,,,,,,,NA
"Monday, July 06, 1981",,,,,,,,,NA
"Monday, July 13, 1981",,,,,,,,,NA
"Monday, July 20, 1981",,,,,,,,,NA
"Monday, July 27, 1981",,,,,,,,,NA
"Monday, August 03, 1981",,,,,,,,,NA
"Monday, August 10, 1981",,,,,,,,,NA
"Monday, August 17, 1981",,,,,,,,,NA
"Monday, August 24, 1981",,,,,,,,,NA
"Monday, August 31, 1981",,,,,,,,,NA
"Tuesday, September 08, 1981",,,,,,,,,NA
"Monday, September 14, 1981",,,,,,,,,NA
"Monday, September 21, 1981",,,,,,,,,NA
"Monday, September 28, 1981",,,,,,,,,NA
"Tuesday, October 06, 1981",,,,,,,,,NA
"Tuesday, October 13, 1981",,,,,,,,,NA
"Friday, April 30, 1982",,,,,,,,,NA
"Friday, May 07, 1982",,,,,,,,,NA
"Friday, May 14, 1982",,,,,,,,,NA
"Friday, May 21, 1982",,,,,,,,,NA
"Friday, May 28, 1982",,,,,,,,,NA
"Friday, June 04, 1982",,,,,,,,,NA
"Friday, June 11, 1982",,,,,,,,,NA
"Friday, June 18, 1982",,,,,,,,,NA
"Friday, June 25, 1982",,,,,,,,,NA
"Friday, July 02, 1982",,,,,,,,,NA
"Friday, July 09, 1982",,,,,,,,,NA
"Friday, July 16, 1982",,,,,,,,,NA
"Friday, July 23, 1982",,,,,,,,,NA
"Friday, July 30, 1982",,,,,,,,,NA
"Friday, August 06, 1982",,,,,,,,,NA
"Friday, August 13, 1982",,,,,,,,,NA
"Friday, August 20, 1982",,,,,,,,,NA
"Friday, August 27, 1982",,,,,,,,,NA
"Friday, September 03, 1982",,,,,,,,,NA
"Friday, September 10, 1982",,,,,,,,,NA
"Friday, September 17, 1982",,,,,,,,,NA
"Friday, September 24, 1982",,,,,,,,,NA
"Friday, April 22, 1983",,,,,,,,,NA
"Friday, April 29, 1983",,,,,,,,,NA
"Friday, May 06, 1983",,,,,,,,,NA
"Friday, May 13, 1983",,,,,,,,,NA
"Friday, May 20, 1983",,,,,,,,,NA
"Friday, May 27, 1983",,,,,,,,,NA
"Friday, June 03, 1983",,,,,,,,,NA
"Friday, June 10, 1983",,,,,,,,,NA
"Friday, June 17, 1983",,,,,,,,,NA
"Friday, June 24, 1983",,,,,,,,,NA
"Friday, July 01, 1983",,,,,,,,,NA
"Friday, July 08, 1983",,,,,,,,,NA
"Friday, July 15, 1983",,,,,,,,,NA
"Friday, July 22, 1983",,,,,,,,,NA
"Friday, July 29, 1983",,,,,,,,,NA
"Friday, August 05, 1983",,,,,,,,,NA
"Friday, August 12, 1983",,,,,,,,,NA
"Friday, August 19, 1983",,,,,,,,,NA
"Friday, August 26, 1983",,,,,,,,,NA
"Friday, September 02, 1983",,,,,,,,,NA
"Friday, September 09, 1983",,,,,,,,,NA
"Friday, September 16, 1983",,,,,,,,,NA
"Friday, September 23, 1983",,,,,,,,,NA
"Friday, September 30, 1983",,,,,,,,,NA
"Friday, October 28, 1983",,,,,,,,,NA
"Friday, April 27, 1984",,,,,,,,,NA
"Friday, May 04, 1984",,,,,,,,,NA
"Friday, May 11, 1984",,,,,,,,,NA
"Friday, May 18, 1984",,,,,,,,,NA
"Friday, May 25, 1984",,,,,,,,,NA
"Friday, June 01, 1984",,,,,,,,,NA
"Friday, June 08, 1984",,,,,,,,,NA
"Friday, June 15, 1984",,,,,,,,,NA
"Friday, June 22, 1984",,,,,,,,,NA
"Friday, June 29, 1984",,,,,,,,,NA
"Friday, July 06, 1984",,,,,,,,,NA
"Friday, July 13, 1984",,,,,,,,,NA
"Friday, July 20, 1984",,,,,,,,,NA
"Friday, July 27, 1984",,,,,,,,,NA
"Friday, August 03, 1984",,,,,,,,,NA
"Friday, August 10, 1984",,,,,,,,,NA
"Friday, August 17, 1984",,,,,,,,,NA
"Friday, August 24, 1984",,,,,,,,,NA
"Saturday, September 01, 1984",,,,,,,,,NA
"Friday, September 07, 1984",,,,,,,,,NA
"Friday, September 14, 1984",,,,,,,,,NA
"Tuesday, October 02, 1984",,,,,,,,,NA
"Friday, April 19, 1985",,,,,,,,,NA
"Friday, April 26, 1985",,,,,,,,,NA
"Friday, May 03, 1985",,,,,,,,,NA
"Friday, May 10, 1985",,,,,,,,,NA
"Friday, May 17, 1985",,,,,,,,,NA
"Friday, May 24, 1985",,,,,,,,,NA
"Friday, May 31, 1985",,,,,,,,,NA
"Friday, June 07, 1985",,,,,,,,,NA
"Friday, June 14, 1985",,,,,,,,,NA
"Friday, June 21, 1985",,,,,,,,,NA
"Friday, June 28, 1985",,,,,,,,,NA
"Friday, July 05, 1985",,,,,,,,,NA
"Friday, July 12, 1985",,,,,,,,,NA
"Friday, July 19, 1985",,,,,,,,,NA
"Friday, July 26, 1985",,,,,,,,,NA
"Friday, August 02, 1985",,,,,,,,,NA
"Friday, August 09, 1985",,,,,,,,,NA
"Friday, August 16, 1985",,,,,,,,,NA
"Friday, August 23, 1985",,,,,,,,,NA
"Friday, August 30, 1985",,,,,,,,,NA
"Friday, September 06, 1985",,,,,,,,,NA
"Friday, September 13, 1985",,,,,,,,,NA
"Friday, September 20, 1985",,,,,,,,,NA
"Friday, October 04, 1985",,,,,,,,,NA
"Friday, April 11, 1986",,,,,,,,,NA
"Friday, April 18, 1986",,,,,,,,,NA
"Friday, April 25, 1986",,,,,,,,,NA
"Friday, May 02, 1986",,,,,,,,,NA
"Friday, May 09, 1986",,,,,,,,,NA
"Friday, May 16, 1986",,,,,,,,,NA
"Sunday, May 25, 1986",,,,,,,,,NA
"Friday, May 30, 1986",,,,,,,,,NA
"Friday, June 06, 1986",,,,,,,,,NA
"Friday, June 13, 1986",,,,,,,,,NA
"Friday, June 20, 1986",,,,,,,,,NA
"Friday, June 27, 1986",,,,,,,,,NA
"Thursday, July 03, 1986",,,,,,,,,NA
"Friday, July 11, 1986",,,,,,,,,NA
"Friday, July 18, 1986",,,,,,,,,NA
"Friday, July 25, 1986",,,,,,,,,NA
"Friday, August 01, 1986",,,,,,,,,NA
"Friday, August 08, 1986",,,,,,,,,NA
"Friday, August 15, 1986",,,,,,,,,NA
"Friday, August 22, 1986",,,,,,,,,NA
"Friday, August 29, 1986",,,,,,,,,NA
"Thursday, September 04, 1986",,,,,,,,,NA
"Friday, September 12, 1986",,,,,,,,,NA
"Friday, September 19, 1986",,,,,,,,,NA
"Friday, September 26, 1986",,,,,,,,,NA
"Friday, April 24, 1987",,,,,,,,,NA
"Friday, May 01, 1987",,,,,,,,,NA
"Friday, May 08, 1987",,,,,,,,,NA
"Friday, May 15, 1987",,,,,,,,,NA
"Friday, May 22, 1987",,,,,,,,,NA
"Friday, May 29, 1987",,,,,,,,,NA
"Friday, June 05, 1987",,,,,,,,,NA
"Friday, June 12, 1987",,,,,,,,,NA
"Friday, June 19, 1987",,,,,,,,,NA
"Friday, June 26, 1987",,,,,,,,,NA
"Thursday, July 02, 1987",,,,,,,,,NA
"Friday, July 10, 1987",,,,,,,,,NA
"Friday, July 17, 1987",,,,,,,,,NA
"Friday, July 24, 1987",,,,,,,,,NA
"Friday, July 31, 1987",,,,,,,,,NA
"Friday, August 07, 1987",,,,,,,,,NA
"Friday, August 14, 1987",,,,,,,,,NA
"Friday, August 21, 1987",,,,,,,,,NA
"Friday, August 28, 1987",,,,,,,,,NA
"Friday, September 04, 1987",,,,,,,,,NA
"Friday, September 11, 1987",,,,,,,,,NA
"Friday, September 18, 1987",,,,,,,,,NA
"Friday, September 25, 1987",,,,,,,,,NA
"Friday, October 02, 1987",,,,,,,,,NA
"Friday, April 15, 1988",,,,,,,,,NA
"Friday, April 22, 1988",,,,,,,,,NA
"Friday, April 29, 1988",,,,,,,,,NA
"Friday, May 06, 1988",,,,,,,,,NA
"Friday, May 13, 1988",,,,,,,,,NA
"Friday, May 20, 1988",,,,,,,,,NA
"Friday, May 27, 1988",,,,,,,,,NA
"Friday, June 03, 1988",,,,,,,,,NA
"Friday, June 10, 1988",,,,,,,,,NA
"Friday, June 17, 1988",,,,,,,,,NA
"Friday, June 24, 1988",,,,,,,,,NA
"Friday, July 01, 1988",,,,,,,,,NA
"Friday, July 08, 1988",,,,,,,,,NA
"Friday, July 15, 1988",,,,,,,,,NA
"Friday, July 22, 1988",,,,,,,,,NA
"Friday, July 29, 1988",,,,,,,,,NA
"Friday, August 05, 1988",,,,,,,,,NA
"Friday, August 12, 1988",,,,,,,,,NA
"Friday, August 19, 1988",,,,,,,,,NA
"Friday, August 26, 1988",,,,,,,,,NA
"Friday, September 02, 1988",,,,,,,,,NA
"Friday, September 09, 1988",,,,,,,,,NA
"Friday, September 16, 1988",,,,,,,,,NA
"Friday, September 23, 1988",,,,,,,,,NA
"Friday, September 30, 1988",,,,,,,,,NA
"Friday, October 07, 1988",,,,,,,,,NA
"Friday, April 21, 1989",,,,,,,,,NA
"Friday, April 28, 1989",,,,,,,,,NA
"Friday, May 05, 1989",,,,,,,,,NA
"Friday, May 12, 1989",,,,,,,,,NA
"Friday, May 19, 1989",,,,,,,,,NA
"Friday, May 26, 1989",,,,,,,,,NA
"Friday, June 02, 1989",,,,,,,,,NA
"Friday, June 09, 1989",,,,,,,,,NA
"Friday, June 16, 1989",,,,,,,,,NA
"Friday, June 23, 1989",,,,,,,,,NA
"Friday, June 30, 1989",,,,,,,,,NA
"Friday, July 07, 1989",,,,,,,,,NA
"Friday, July 14, 1989",,,,,,,,,NA
"Friday, July 21, 1989",,,,,,,,,NA
"Friday, July 28, 1989",,,,,,,,,NA
"Friday, August 04, 1989",,,,,,,,,NA
"Friday, August 11, 1989",,,,,,,,,NA
"Friday, August 18, 1989",,,,,,,,,NA
"Friday, August 25, 1989",,,,,,,,,NA
"Friday, September 01, 1989",,,,,,,,,NA
"Friday, September 08, 1989",,,,,,,,,NA
"Friday, September 15, 1989",,,,,,,,,NA
"Friday, September 22, 1989",,,,,,,,,NA
"Friday, September 29, 1989",,,,,,,,,NA
"Friday, April 06, 1990",,,,,,,,,NA
"Friday, April 13, 1990",,,,,,,,,NA
"Friday, April 20, 1990",,,,,,,,,NA
"Friday, April 27, 1990",,,,,,,,,NA
"Friday, May 04, 1990",,,,,,,,,NA
"Friday, May 11, 1990",,,,,,,,,NA
"Friday, May 18, 1990",,,,,,,,,NA
"Friday, May 25, 1990",,,,,,,,,NA
"Friday, June 01, 1990",,,,,,,,,NA
"Friday, June 08, 1990",,,,,,,,,NA
"Friday, June 15, 1990",,,,,,,,,NA
"Friday, June 22, 1990",,,,,,,,,NA
"Friday, June 29, 1990",,,,,,,,,NA
"Friday, July 06, 1990",,,,,,,,,NA
"Friday, July 13, 1990",,,,,,,,,NA
"Friday, July 20, 1990",,,,,,,,,NA
"Friday, July 27, 1990",,,,,,,,,NA
"Friday, August 03, 1990",,,,,,,,,NA
"Friday, August 10, 1990",,,,,,,,,NA
"Friday, August 17, 1990",,,,,,,,,NA
"Friday, August 24, 1990",,,,,,,,,NA
"Friday, August 31, 1990",,,,,,,,,NA
"Friday, September 07, 1990",,,,,,,,,NA
"Friday, September 14, 1990",,,,,,,,,NA
"Friday, September 21, 1990",,,,,,,,,NA
"Friday, October 05, 1990",,,,,,,,,NA
"Friday, March 15, 1991",,,,,,,,,NA
"Friday, March 22, 1991",,,,,,,,,NA
"Friday, March 29, 1991",,,,,,,,,NA
"Friday, April 05, 1991",,,,,,,,,NA
"Friday, April 12, 1991",,,,,,,,,NA
"Friday, April 19, 1991",,,,,,,,,NA
"Friday, April 26, 1991",,,,,,,,,NA
"Friday, May 03, 1991",,,,,,,,,NA
"Friday, May 10, 1991",,,,,,,,,NA
"Friday, May 17, 1991",,,,,,,,,NA
"Friday, May 24, 1991",,,,,,,,,NA
"Friday, May 31, 1991",,,,,,,,,NA
"Friday, June 07, 1991",,,,,,,,,NA
"Friday, June 14, 1991",,,,,,,,,NA
"Friday, June 21, 1991",,,,,,,,,NA
"Friday, June 28, 1991",,,,,,,,,NA
"Friday, July 05, 1991",,,,,,,,,NA
"Friday, July 12, 1991",,,,,,,,,NA
"Friday, July 19, 1991",,,,,,,,,NA
"Friday, July 26, 1991",,,,,,,,,NA
"Friday, August 02, 1991",,,,,,,,,NA
"Friday, August 09, 1991",,,,,,,,,NA
"Friday, August 16, 1991",,,,,,,,,NA
"Friday, August 23, 1991",,,,,,,,,NA
"Friday, August 30, 1991",,,,,,,,,NA
"Friday, September 06, 1991",,,,,,,,,NA
"Friday, September 13, 1991",,,,,,,,,NA
"Friday, September 20, 1991",,,,,,,,,NA
"Friday, September 27, 1991",,,,,,,,,NA
"Friday, October 04, 1991",,,,,,,,,NA
"Friday, October 11, 1991",,,,,,,,,NA
"Friday, October 18, 1991",,,,,,,,,NA
"Friday, October 25, 1991",,,,,,,,,NA
"Friday, November 01, 1991",,,,,,,,,NA
"Friday, April 03, 1992",,,,,,,,,NA
"Friday, April 10, 1992",,,,,,,,,NA
"Friday, April 17, 1992",,,,,,,,,NA
"Friday, April 24, 1992",,,,,,,,,NA
"Friday, May 01, 1992",,,,,,,,,NA
"Friday, May 08, 1992",,,,,,,,,NA
"Friday, May 15, 1992",,,,,,,,,NA
"Friday, May 22, 1992",,,,,,,,,NA
"Friday, May 29, 1992",,,,,,,,,NA
"Friday, June 05, 1992",,,,,,,,,NA
"Friday, June 12, 1992",,,,,,,,,NA
"Friday, June 19, 1992",,,,,,,,,NA
"Friday, June 26, 1992",,,,,,,,,NA
"Friday, July 03, 1992",,,,,,,,,NA
"Friday, July 10, 1992",,,,,,,,,NA
"Friday, July 17, 1992",,,,,,,,,NA
"Friday, July 24, 1992",,,,,,,,,NA
"Friday, July 31, 1992",,,,,,,,,NA
"Friday, August 07, 1992",,,,,,,,,NA
"Friday, August 14, 1992",,,,,,,,,NA
"Friday, August 21, 1992",,,,,,,,,NA
"Friday, August 28, 1992",,,,,,,,,NA
"Friday, September 04, 1992",,,,,,,,,NA
"Friday, September 11, 1992",,,,,,,,,NA
"Friday, September 18, 1992",,,,,,,,,NA
"Friday, September 25, 1992",,,,,,,,,NA
"Friday, October 02, 1992",,,,,,,,,NA
"Friday, October 09, 1992",,,,,,,,,NA
"Friday, October 16, 1992",,,,,,,,,NA
"Friday, April 16, 1993",,,,,,,,,NA
"Friday, April 23, 1993",,,,,,,,,NA
"Friday, April 30, 1993",,,,,,,,,NA
"Friday, May 07, 1993",,,,,,,,,NA
"Friday, May 14, 1993",,,,,,,,,NA
"Friday, May 21, 1993",,,,,,,,,NA
"Friday, May 28, 1993",,,,,,,,,NA
"Friday, June 04, 1993",,,,,,,,,NA
"Friday, June 11, 1993",,,,,,,,,NA
"Friday, June 18, 1993",,,,,,,,,NA
"Friday, June 25, 1993",,,,,,,,,NA
"Friday, July 02, 1993",,,,,,,,,NA
"Friday, July 09, 1993",,,,,,,,,NA
"Friday, July 16, 1993",,,,,,,,,NA
"Friday, July 23, 1993",,,,,,,,,NA
"Friday, July 30, 1993",,,,,,,,,NA
"Friday, August 06, 1993",,,,,,,,,NA
"Friday, August 13, 1993",,,,,,,,,NA
"Friday, August 20, 1993",,,,,,,,,NA
"Friday, August 27, 1993",,,,,,,,,NA
"Friday, September 03, 1993",,,,,,,,,NA
"Friday, September 10, 1993",,,,,,,,,NA
"Friday, September 17, 1993",,,,,,,,,NA
"Friday, September 24, 1993",,,,,,,,,NA
"Friday, October 01, 1993",,,,,,,,,NA
"Friday, April 08, 1994",,,,,,,,,NA
"Friday, April 15, 1994",,,,,,,,,NA
"Friday, April 22, 1994",,,,,,,,,NA
"Friday, April 29, 1994",,,,,,,,,NA
"Friday, May 06, 1994",,,,,,,,,NA
"Friday, May 13, 1994",,,,,,,,,NA
"Friday, May 20, 1994",,,,,,,,,NA
"Friday, May 27, 1994",,,,,,,,,NA
"Friday, June 03, 1994",,,,,,,,,NA
"Friday, June 10, 1994",,,,,,,,,NA
"Friday, June 17, 1994",,,,,,,,,NA
"Friday, June 24, 1994",,,,,,,,,NA
"Friday, July 01, 1994",,,,,,,,,NA
"Friday, July 08, 1994",,,,,,,,,NA
"Friday, July 15, 1994",,,,,,,,,NA
"Friday, July 22, 1994",,,,,,,,,NA
"Friday, July 29, 1994",,,,,,,,,NA
"Friday, August 05, 1994",,,,,,,,,NA
"Friday, August 12, 1994",,,,,,,,,NA
"Friday, August 19, 1994",,,,,,,,,NA
"Friday, August 26, 1994",,,,,,,,,NA
"Friday, September 02, 1994",,,,,,,,,NA
"Friday, September 09, 1994",,,,,,,,,NA
"Friday, September 16, 1994",,,,,,,,,NA
"Friday, September 23, 1994",,,,,,,,,NA
"Friday, September 30, 1994",,,,,,,,,NA
"Friday, October 07, 1994",,,,,,,,,NA
"Friday, October 14, 1994",,,,,,,,,NA
"Monday, March 20, 1995",,,,,,,,,NA
"Monday, March 27, 1995",,,,,,,,,NA
"Friday, March 31, 1995",,,,,,,,,NA
"Friday, April 07, 1995",,,,,,,,,NA
"Friday, April 14, 1995",,,,,,,,,NA
"Friday, April 21, 1995",,,,,,,,,NA
"Friday, April 28, 1995",,,,,,,,,NA
"Friday, May 05, 1995",,,,,,,,,NA
"Friday, May 12, 1995",,,,,,,,,NA
"Friday, May 19, 1995",,,,,,,,,NA
"Friday, May 26, 1995",,,,,,,,,NA
"Friday, June 02, 1995",,,,,,,,,NA
"Friday, June 09, 1995",,,,,,,,,NA
"Friday, June 16, 1995",,,,,,,,,NA
"Friday, June 23, 1995",,,,,,,,,NA
"Friday, June 30, 1995",,,,,,,,,NA
"Friday, July 07, 1995",,,,,,,,,NA
"Friday, July 14, 1995",,,,,,,,,NA
"Friday, July 21, 1995",,,,,,,,,NA
"Friday, July 28, 1995",,,,,,,,,NA
"Friday, August 04, 1995",,,,,,,,,NA
"Friday, August 11, 1995",,,,,,,,,NA
"Friday, August 18, 1995",,,,,,,,,NA
"Friday, August 25, 1995",,,,,,,,,NA
"Friday, September 01, 1995",,,,,,,,,NA
"Friday, September 08, 1995",,,,,,,,,NA
"Friday, September 15, 1995",,,,,,,,,NA
"Friday, September 22, 1995",,,,,,,,,NA
"Friday, September 29, 1995",,,,,,,,,NA
"Friday, April 12, 1996",,,,,,,,,NA
"Friday, April 19, 1996",,,,,,,,,NA
"Friday, April 26, 1996",,,,,,,,,NA
"Friday, May 03, 1996",,,,,,,,,NA
"Friday, May 10, 1996",,,,,,,,,NA
"Friday, May 17, 1996",,,,,,,,,NA
"Friday, May 24, 1996",,,,,,,,,NA
"Friday, May 31, 1996",,,,,,,,,NA
"Friday, June 07, 1996",,,,,,,,,NA
"Friday, June 14, 1996",,,,,,,,,NA
"Friday, June 21, 1996",,,,,,,,,NA
"Friday, June 28, 1996",,,,,,,,,NA
"Friday, July 05, 1996",,,,,,,,,NA
"Friday, July 12, 1996",,,,,,,,,NA
"Friday, July 19, 1996",,,,,,,,,NA
"Friday, July 26, 1996",,,,,,,,,NA
"Friday, August 02, 1996",,,,,,,,,NA
"Friday, August 09, 1996",,,,,,,,,NA
"Friday, August 16, 1996",,,,,,,,,NA
"Friday, August 23, 1996",,,,,,,,,NA
"Friday, August 30, 1996",,,,,,,,,NA
"Friday, September 06, 1996",,,,,,,,,NA
"Friday, September 13, 1996",,,,,,,,,NA
"Friday, September 20, 1996",,,,,,,,,NA
"Friday, September 27, 1996",,,,,,,,,NA
"Friday, October 04, 1996",,,,,,,,,NA
"Friday, March 28, 1997",,,,,,,,,NA
"Friday, April 04, 1997",,,,,,,,,NA
"Friday, April 11, 1997",,,,,,,,,NA
"Friday, April 18, 1997",,,,,,,,,NA
"Thursday, April 24, 1997",,,,,,,,,NA
"Thursday, May 01, 1997",,,,,,,,,NA
"Thursday, May 08, 1997",,,,,,,,,NA
"Thursday, May 15, 1997",,,,,,,,,NA
"Thursday, May 22, 1997",,,,,,,,,NA
"Thursday, May 29, 1997",,,,,,,,,NA
"Thursday, June 05, 1997",,,,,,,,,NA
"Thursday, June 12, 1997",,,,,,,,,NA
"Thursday, June 19, 1997",,,,,,,,,NA
"Thursday, June 26, 1997",,,,,,,,,NA
"Thursday, July 03, 1997",,,,,,,,,NA
"Thursday, July 10, 1997",,,,,,,,,NA
"Thursday, July 17, 1997",,,,,,,,,NA
"Thursday, July 24, 1997",,,,,,,,,NA
"Thursday, July 31, 1997",,,,,,,,,NA
"Thursday, August 07, 1997",,,,,,,,,NA
"Thursday, August 14, 1997",,,,,,,,,NA
"Thursday, August 21, 1997",,,,,,,,,NA
"Thursday, August 28, 1997",,,,,,,,,NA
"Thursday, September 04, 1997",,,,,,,,,NA
"Thursday, September 11, 1997",,,,,,,,,NA
"Thursday, September 18, 1997",,,,,,,,,NA
"Thursday, September 25, 1997",,,,,,,,,NA
"Thursday, October 02, 1997",,,,,,,,,NA
"Thursday, October 09, 1997",,,,,,,,,NA
"Thursday, October 16, 1997",,,,,,,,,NA
"Thursday, March 26, 1998",,,,,,,,,NA
"Thursday, April 02, 1998",,,,,,,,,NA
"Thursday, April 09, 1998",,,,,,,,,NA
"Thursday, April 16, 1998",,,,,,,,,NA
"Thursday, April 23, 1998",,,,,,,,,NA
"Thursday, April 30, 1998",,,,,,,,,NA
"Thursday, May 07, 1998",,,,,,,,,NA
"Thursday, May 14, 1998",,,,,,,,,NA
"Thursday, May 21, 1998",,,,,,,,,NA
"Thursday, May 28, 1998",,,,,,,,,NA
"Thursday, June 04, 1998",,,,,,,,,NA
"Thursday, June 11, 1998",,,,,,,,,NA
"Thursday, June 18, 1998",,,,,,,,,NA
"Thursday, June 25, 1998",,,,,,,,,NA
"Thursday, July 02, 1998",,,,,,,,,NA
"Thursday, July 09, 1998",,,,,,,,,NA
"Thursday, July 16, 1998",,,,,,,,,NA
"Thursday, July 23, 1998",,,,,,,,,NA
"Thursday, July 30, 1998",,,,,,,,,NA
"Thursday, August 06, 1998",,,,,,,,,NA
"Thursday, August 13, 1998",,,,,,,,,NA
"Thursday, August 20, 1998",,,,,,,,,NA
"Thursday, August 27, 1998",,,,,,,,,NA
"Thursday, September 03, 1998",,,,,,,,,NA
"Thursday, September 10, 1998",,,,,,,,,NA
"Thursday, September 17, 1998",,,,,,,,,NA
"Thursday, September 24, 1998",,,,,,,,,NA
"Thursday, October 01, 1998",,,,,,,,,NA
"Thursday, October 08, 1998",,,,,,,,,NA
"Thursday, October 15, 1998",,,,,,,,,NA
"Friday, March 26, 1999",,,,,,,,,NA
"Friday, April 02, 1999",,,0.00,,,,,,NA
"Friday, April 09, 1999",,,0.00,,,,,,NA
"Friday, April 16, 1999",,,0.00,,,,,,NA
"Friday, April 23, 1999",,,16.00,,,,,,NA
"Friday, April 30, 1999",,,15.00,,,,,,NA
"Friday, May 07, 1999",,,76.00,,,,,,NA
"Friday, May 14, 1999",,,20.00,,,,,,NA
"Friday, May 21, 1999",,,1.00,,,,,,NA
"Thursday, May 27, 1999",,,1.00,,,,,,NA
"Thursday, June 03, 1999",,,2.00,0.00,,,,,NA
"Thursday, June 10, 1999",,,0.00,0.00,,,,,NA
"Thursday, June 17, 1999",,,3.00,7.00,,,,,NA
"Thursday, June 24, 1999",,,5.00,15.00,,,,,NA
"Thursday, July 01, 1999",,,28.00,4.00,,,,,NA
"Thursday, July 08, 1999",,,9.00,4.00,,,,,NA
"Thursday, July 15, 1999",,,2.00,1.00,,,,,NA
"Thursday, July 22, 1999",,,4.00,4.00,,,,,NA
"Thursday, July 29, 1999",,,3.00,1.00,,,,,NA
"Thursday, August 05, 1999",,,18.00,4.00,,,,,NA
"Thursday, August 12, 1999",,,8.00,2.00,,,,,NA
"Thursday, August 19, 1999",,,7.00,1.00,,,,,NA
"Thursday, August 26, 1999",,,1.00,3.00,,,,,NA
"Thursday, September 02, 1999",,,8.00,11.00,,,,,NA
"Thursday, September 09, 1999",,,58.00,11.00,,,,,NA
"Friday, September 17, 1999",,,55.00,14.00,,,,,NA
"Thursday, September 23, 1999",,,27.00,4.00,,,,,NA
"Thursday, September 30, 1999",,,7.00,5.00,,,,,NA
"Wednesday, October 06, 1999",,,2.00,0.00,,,,,NA
"Thursday, October 14, 1999",,,0.00,0.00,,,,,NA
"Thursday, October 21, 1999",,,,,,,,,NA
"Thursday, October 28, 1999",,,,,,,,,NA
"Friday, March 10, 2000",,,,,NA,NA,NA,NA,NA
"Thursday, March 16, 2000",,,,,NA,NA,NA,NA,NA
"Friday, March 17, 2000",,,,,NA,NA,NA,NA,NA
"Thursday, March 23, 2000",,,0.00,,NA,NA,NA,NA,NA
"Thursday, March 30, 2000",,,0.00,,NA,NA,NA,NA,NA
"Thursday, April 06, 2000",,,1.00,,NA,NA,NA,NA,0
"Thursday, April 13, 2000",,,3.00,,NA,NA,NA,NA,0
"Monday, April 17, 2000",,,122.00,,NA,NA,NA,NA,49
"Thursday, April 20, 2000",,,2.00,,NA,NA,NA,NA,0
"Monday, April 24, 2000",,,0.00,,NA,NA,NA,NA,1
"Thursday, April 27, 2000",,,4.00,,NA,NA,NA,NA,8
"Monday, May 01, 2000",,,4.00,,NA,NA,NA,NA,14
"Thursday, May 04, 2000",,,15.00,,NA,NA,NA,NA,11
"Monday, May 08, 2000",,,19.00,,NA,NA,NA,NA,29
"Thursday, May 11, 2000",,,6.00,,NA,NA,NA,NA,3
"Monday, May 15, 2000",,,0.00,,NA,NA,NA,NA,3
"Thursday, May 18, 2000",,,1.00,,NA,NA,NA,NA,2
"Monday, May 22, 2000",,,3.00,,NA,NA,NA,NA,1
"Thursday, May 25, 2000",,,1.00,,NA,NA,NA,NA,0
"Tuesday, May 30, 2000",,,0.00,,NA,NA,NA,NA,0
"Thursday, June 01, 2000",,,0.00,,NA,NA,NA,NA,1
"Monday, June 05, 2000",,,6.00,,NA,NA,NA,NA,1
"Thursday, June 08, 2000",,,10.00,,NA,NA,NA,NA,6
"Monday, June 12, 2000",,,55.00,,NA,NA,NA,NA,49
"Thursday, June 15, 2000",,,31.00,,NA,NA,NA,NA,30
"Monday, June 19, 2000",,,62.00,,NA,NA,NA,NA,82
"Thursday, June 22, 2000",,,47.00,,NA,NA,NA,NA,39
"Monday, June 26, 2000",,,25.00,,NA,NA,NA,NA,29
"Thursday, June 29, 2000",,,12.00,,NA,NA,NA,NA,16
"Monday, April 02, 2001",,,NA,,NA,NA,NA,NA,NA
"Thursday, April 05, 2001",,,NA,,NA,NA,NA,NA,NA
"Monday, April 09, 2001",,,NA,,NA,NA,NA,NA,NA
"Thursday, April 12, 2001",,,NA,,NA,NA,NA,NA,NA
"Monday, April 16, 2001",,,NA,,NA,NA,NA,NA,NA
"Thursday, April 19, 2001",,,0.00,,NA,NA,NA,NA,0
"Monday, April 23, 2001",,,NA,,NA,NA,NA,NA,NA
"Thursday, April 26, 2001",,,3.00,,NA,NA,NA,NA,7
"Monday, April 30, 2001",,,NA,,NA,NA,NA,NA,NA
"Thursday, May 03, 2001",,,61.00,,NA,NA,NA,NA,97
"Monday, May 07, 2001",,,NA,,NA,NA,NA,NA,NA
"Thursday, May 10, 2001",,,28.00,,NA,NA,NA,NA,45
"Monday, May 14, 2001",,,NA,,NA,NA,NA,NA,NA
"Thursday, May 17, 2001",,,9.00,,NA,NA,NA,NA,11
"Monday, May 21, 2001",,,NA,,NA,NA,NA,NA,NA
"Thursday, May 24, 2001",,,2.00,,NA,NA,NA,NA,4
"Monday, May 28, 2001",,,NA,,NA,NA,NA,NA,NA
"Thursday, May 31, 2001",,,0.00,,NA,NA,NA,NA,2
"Monday, June 04, 2001",,,1.00,,NA,NA,NA,NA,0
"Thursday, June 07, 2001",,,1.00,,NA,NA,NA,NA,0
"Monday, June 11, 2001",,,0.00,,NA,NA,NA,NA,3
"Thursday, June 14, 2001",,,15.00,,NA,NA,NA,NA,9
"Monday, June 18, 2001",,,78.00,,NA,NA,NA,NA,98
"Thursday, June 21, 2001",,,44.00,,NA,NA,NA,NA,43
"Monday, June 25, 2001",,,33.00,,NA,NA,NA,NA,25
"Thursday, June 28, 2001",,,10.00,,NA,NA,1.00,NA,15
"Monday, July 02, 2001",,,7.00,,NA,NA,0.00,NA,9
"Thursday, July 05, 2001",,,6.00,,NA,NA,1.00,NA,7
"Monday, July 09, 2001",,,6.00,,NA,NA,14.00,NA,9
"Thursday, July 12, 2001",,,10.00,,NA,NA,6.00,NA,14
"Monday, July 16, 2001",,,25.00,,NA,NA,17.00,NA,18
"Thursday, July 19, 2001",,,75.00,,NA,NA,23.00,NA,105
"Monday, July 23, 2001",,,146.00,,NA,NA,53.00,NA,138
"Thursday, July 26, 2001",,,57.00,,NA,NA,32.00,NA,52
"Monday, July 30, 2001",,,23.00,,NA,NA,13.00,NA,54
"Thursday, August 02, 2001",,,7.00,,NA,NA,1.00,NA,18
"Monday, August 06, 2001",,,24.00,,NA,NA,6.00,NA,45
"Thursday, August 09, 2001",,,14.00,,NA,NA,23.00,NA,36
"Monday, August 13, 2001",,,11.00,,NA,NA,15.00,NA,18
"Thursday, August 16, 2001",,,23.00,,NA,NA,13.00,NA,43
"Monday, August 20, 2001",,,36.00,,NA,NA,45.00,NA,56
"Thursday, August 23, 2001",,,31.00,,NA,NA,42.00,NA,59
"Monday, August 27, 2001",,,87.00,,NA,NA,18.00,NA,105
"Thursday, August 30, 2001",,,37.00,,NA,NA,12.00,NA,41
"Monday, September 03, 2001",,,62.00,,NA,NA,55.00,NA,147
"Thursday, September 06, 2001",,,20.00,,NA,NA,18.00,NA,58
"Monday, September 10, 2001",,,41.00,,NA,NA,41.00,NA,101
"Thursday, September 13, 2001",,,12.00,,NA,NA,32.00,NA,38
"Monday, September 17, 2001",,,2.00,,NA,NA,17.00,NA,14
"Thursday, September 20, 2001",,,12.00,,NA,NA,33.00,NA,20
"Monday, September 24, 2001",,,5.00,,NA,NA,16.00,NA,14
"Thursday, September 27, 2001",,,0.00,,NA,NA,2.00,NA,2
"Monday, October 01, 2001",,,0.00,,NA,NA,0.00,NA,0
"Thursday, October 04, 2001",,,0.00,,NA,NA,2.00,NA,1
"Monday, October 08, 2001",,,NA,,NA,NA,NA,NA,NA
"Thursday, October 11, 2001",,,0.00,,NA,NA,1.00,NA,0
"Monday, October 15, 2001",,,NA,,NA,NA,NA,NA,NA
"Thursday, October 18, 2001",,,0.00,,NA,NA,NA,NA,2
"Monday, October 22, 2001",,,NA,,NA,NA,NA,NA,NA
"Thursday, October 25, 2001",,,NA,,NA,NA,NA,NA,NA
"Monday, March 18, 2002",,,NA,,NA,NA,NA,NA,NA
"Thursday, March 21, 2002",,,NA,,NA,NA,NA,NA,NA
"Monday, March 25, 2002",,,NA,,NA,NA,NA,NA,NA
"Thursday, March 28, 2002",,,NA,,NA,NA,NA,NA,NA
"Monday, April 01, 2002",,,NA,,NA,NA,NA,NA,NA
"Thursday, April 04, 2002",,,0.00,,NA,NA,NA,NA,0
"Monday, April 08, 2002",,,NA,,NA,NA,NA,NA,NA
"Thursday, April 11, 2002",,,4.00,,NA,NA,NA,NA,0
"Monday, April 15, 2002",,,NA,,NA,NA,NA,NA,NA
"Thursday, April 18, 2002",,,37.00,,88.00,57.00,42.00,81.00,72
"Monday, April 22, 2002",,,19.00,,53.00,18.00,22.00,25.00,30
"Thursday, April 25, 2002",,,0.00,,6.00,0.00,0.00,0.00,2
"Monday, April 29, 2002",,,2.00,,11.00,4.00,4.00,2.00,4
"Thursday, May 02, 2002",,,8.00,,0.00,1.00,4.00,1.00,3
"Monday, May 06, 2002",,,7.00,,NA,NA,2.00,11.00,9
"Thursday, May 09, 2002",,,6.00,,5.00,3.00,9.00,5.00,7
"Monday, May 13, 2002",,,4.00,,5.00,5.00,2.00,1.00,4
"Thursday, May 16, 2002",,,1.00,,0.00,1.00,0.00,3.00,2
"Monday, May 20, 2002",,,1.00,,2.00,4.00,0.00,1.00,5
"Thursday, May 23, 2002",,,0.00,,0.00,0.00,0.00,0.00,0
"Monday, May 27, 2002",,,1.00,,1.00,5.00,7.00,6.00,1
"Thursday, May 30, 2002",,,0.00,,1.00,5.00,0.00,1.00,3
"Monday, June 03, 2002",,,3.00,,3.00,6.00,0.00,3.00,1
"Thursday, June 06, 2002",,,16.00,,1.00,0.00,0.00,0.00,6
"Monday, June 10, 2002",,,42.00,,0.00,0.00,1.00,0.00,43
"Thursday, June 13, 2002",,,46.00,,0.00,1.00,1.00,4.00,44
"Monday, June 17, 2002",,,34.00,,2.00,1.00,1.00,1.00,42
"Thursday, June 20, 2002",,,27.00,,2.00,1.00,1.00,0.00,26
"Monday, June 24, 2002",,,38.00,,2.00,2.00,0.00,1.00,25
"Thursday, June 27, 2002",,,13.00,,1.00,2.00,2.00,0.00,15
"Monday, July 01, 2002",,,14.00,,19.00,26.00,8.00,15.00,5
"Thursday, July 04, 2002",,,14.00,,9.00,7.00,5.00,9.00,7
"Monday, July 08, 2002",,,16.00,,1.00,2.00,1.00,8.00,10
"Thursday, July 11, 2002",,,37.00,,6.00,7.00,1.00,2.00,37
"Monday, July 15, 2002",,,127.00,,13.00,8.00,3.00,2.00,145
"Thursday, July 18, 2002",,,108.00,,8.00,17.00,1.00,2.00,136
"Monday, July 22, 2002",,,88.00,,3.00,3.00,2.00,0.00,144
"Thursday, July 25, 2002",,,24.00,,4.00,4.00,0.00,0.00,19
"Monday, July 29, 2002",,,53.00,,NA,NA,7.00,6.00,66
"Thursday, August 01, 2002",,,84.00,,NA,NA,34.00,17.00,71
"Monday, August 05, 2002",,,73.00,,NA,NA,6.00,2.00,73
"Thursday, August 08, 2002",,,37.00,,NA,NA,7.00,0.00,58
"Monday, August 12, 2002",,,48.00,,NA,NA,16.00,10.00,50
"Thursday, August 15, 2002",,,57.00,,NA,NA,8.00,6.00,60
"Monday, August 19, 2002",,,99.00,,NA,NA,0.00,0.00,107
"Thursday, August 22, 2002",,,50.00,,NA,NA,2.00,2.00,69
"Monday, August 26, 2002",,,23.00,,NA,NA,2.00,1.00,13
"Thursday, August 29, 2002",,,20.00,,NA,NA,3.00,2.00,21
"Monday, September 02, 2002",,,63.00,,NA,NA,20.00,4.00,40
"Thursday, September 05, 2002",,,41.00,,NA,NA,20.00,15.00,16
"Monday, September 09, 2002",,,NA,,NA,NA,NA,NA,NA
"Thursday, September 12, 2002",,,72.00,,NA,NA,34.00,21.00,57
"Monday, September 16, 2002",,,NA,,NA,NA,NA,NA,NA
"Thursday, September 19, 2002",,,37.00,,NA,NA,41.00,25.00,61
"Monday, September 23, 2002",,,NA,,NA,NA,NA,NA,NA
"Thursday, September 26, 2002",,,5.00,,NA,NA,4.00,1.00,7
"Monday, September 30, 2002",,,NA,,NA,NA,NA,NA,NA
"Thursday, October 03, 2002",,,1.00,,NA,NA,0.00,1.00,2
"Monday, October 07, 2002",,,NA,,NA,NA,NA,NA,NA
"Thursday, October 10, 2002",,,2.00,,NA,NA,1.00,0.00,0
"Monday, October 14, 2002",,,NA,,NA,NA,NA,NA,NA
"Thursday, October 17, 2002",,,NA,,NA,NA,NA,NA,NA
"Monday, October 21, 2002",,,NA,,NA,NA,NA,NA,NA
"Monday, April 07, 2003",,,NA,,NA,NA,NA,NA,NA
"Thursday, April 10, 2003",,,0.00,,NA,NA,NA,NA,0
"Monday, April 14, 2003",,,NA,,NA,NA,NA,NA,NA
"Thursday, April 17, 2003",,,0.00,,NA,NA,NA,NA,0
"Monday, April 21, 2003",,,NA,,NA,NA,NA,NA,NA
"Thursday, April 24, 2003",,,0.00,,NA,NA,0.00,0.00,0
"Monday, April 28, 2003",,,3.00,,NA,NA,3.00,1.00,13
"Thursday, May 01, 2003",,,6.00,,NA,NA,12.00,9.00,24
"Monday, May 05, 2003",,,12.00,,NA,NA,8.00,18.00,16
"Thursday, May 08, 2003",,,5.00,,NA,NA,2.00,1.00,12
"Monday, May 12, 2003",,,6.00,,NA,NA,9.00,3.00,23
"Thursday, May 15, 2003",,,1.00,,NA,NA,1.00,1.00,2
"Monday, May 19, 2003",,,0.00,,NA,NA,0.00,0.00,1
"Thursday, May 22, 2003",,,0.00,,NA,NA,NA,NA,2
"Monday, May 26, 2003",,,1.00,,NA,NA,NA,NA,1
"Thursday, May 29, 2003",,,0.00,,NA,NA,NA,NA,0
"Monday, June 02, 2003",,,1.00,,NA,NA,2.00,5.00,3
"Thursday, June 05, 2003",,,0.00,,NA,NA,0.00,0.00,1
"Monday, June 09, 2003",,,0.00,,NA,NA,NA,NA,0
"Thursday, June 12, 2003",,,0.00,,NA,NA,NA,NA,0
"Monday, June 16, 2003",,,0.00,,NA,NA,0.00,0.00,1
"Thursday, June 19, 2003",,,0.00,,NA,NA,0.00,0.00,0
"Monday, June 23, 2003",,,0.00,,NA,NA,0.00,0.00,1
"Thursday, June 26, 2003",,,0.00,,NA,NA,0.00,0.00,6
"Monday, June 30, 2003",,,18.00,,NA,NA,NA,NA,17
"Thursday, July 03, 2003",,,8.00,,NA,NA,NA,NA,8
"Monday, July 07, 2003",,,4.00,,NA,NA,NA,NA,9
"Thursday, July 10, 2003",,,3.00,,NA,NA,1.00,0.00,3
"Monday, July 14, 2003",,,14.00,,NA,NA,1.00,0.00,16
"Thursday, July 17, 2003",,,19.00,,NA,NA,4.00,1.00,16
"Monday, July 21, 2003",,,10.00,,NA,NA,5.00,0.00,12
"Thursday, July 24, 2003",,,2.00,,NA,NA,0.00,0.00,2
"Monday, July 28, 2003",,,9.00,,NA,NA,3.00,3.00,16
"Thursday, July 31, 2003",,,14.00,,NA,NA,0.00,3.00,22
"Monday, August 04, 2003",,,7.00,,NA,NA,5.00,0.00,12
"Thursday, August 07, 2003",,,3.00,,NA,NA,5.00,5.00,8
"Monday, August 11, 2003",,,13.00,,NA,NA,11.00,3.00,21
"Thursday, August 14, 2003",,,12.00,,NA,NA,3.00,1.00,18
"Monday, August 18, 2003",,,6.00,,NA,NA,2.00,6.00,14
"Thursday, August 21, 2003",,,14.00,,NA,NA,0.00,1.00,16
"Monday, August 25, 2003",,,2.00,,NA,NA,0.00,0.00,7
"Thursday, August 28, 2003",,,2.00,,NA,NA,3.00,0.00,11
"Monday, September 01, 2003",,,15.00,,NA,NA,3.00,5.00,27
"Thursday, September 04, 2003",,,11.00,,NA,NA,7.00,5.00,19
"Monday, September 08, 2003",,,7.00,,NA,NA,13.00,11.00,21
"Thursday, September 11, 2003",,,10.00,,NA,NA,12.00,7.00,29
"Monday, September 15, 2003",,,0.00,,NA,NA,0.00,0.00,0
"Thursday, September 18, 2003",,,30.00,,NA,NA,15.00,19.00,53
"Monday, September 22, 2003",,,0.00,,NA,NA,0.00,0.00,0
"Thursday, September 25, 2003",,,37.00,,NA,NA,26.00,24.00,38
"Monday, September 29, 2003",,,0.00,,NA,NA,0.00,0.00,0
"Thursday, October 02, 2003",,,2.00,,NA,NA,1.00,2.00,6
"Monday, October 06, 2003",,,0.00,,NA,NA,0.00,0.00,0
"Thursday, October 09, 2003",,,1.00,,NA,NA,1.00,0.00,0
"Monday, October 13, 2003",,,0.00,,NA,NA,0.00,0.00,0
"Thursday, October 16, 2003",,,0.00,,NA,NA,0.00,1.00,0
"Monday, October 20, 2003",,,0.00,,NA,NA,NA,NA,0
"Thursday, October 23, 2003",,,0.00,,NA,NA,NA,NA,0
"Monday, October 27, 2003",,,NA,,NA,NA,NA,NA,NA
"Thursday, October 30, 2003",,,NA,,NA,NA,NA,NA,NA
"Sunday, March 28, 2004",,,NA,,NA,NA,NA,NA,NA
"Monday, April 05, 2004",,,NA,,NA,NA,NA,NA,NA
"Thursday, April 08, 2004",,,NA,,NA,NA,NA,NA,NA
"Monday, April 12, 2004",,,NA,,NA,NA,NA,NA,NA
"Thursday, April 15, 2004",,,0.00,,NA,NA,NA,NA,0
"Monday, April 19, 2004",,,NA,,NA,NA,NA,NA,NA
"Thursday, April 22, 2004",,,2.00,,NA,NA,NA,NA,2
"Monday, April 26, 2004",,,NA,,NA,NA,NA,NA,NA
"Thursday, April 29, 2004",,,7.00,,NA,NA,NA,NA,14
"Monday, May 03, 2004",,,NA,,NA,NA,NA,NA,NA
"Thursday, May 06, 2004",,,8.00,,NA,NA,NA,NA,9
"Monday, May 10, 2004",,,NA,,NA,NA,NA,NA,NA
"Thursday, May 13, 2004",,,2.00,,NA,NA,NA,NA,5
"Monday, May 17, 2004",,,3.00,,NA,NA,NA,NA,0
"Thursday, May 20, 2004",,,0.00,,NA,NA,NA,NA,0
"Monday, May 24, 2004",,,1.00,,NA,NA,NA,NA,3
"Thursday, May 27, 2004",,,1.00,,NA,NA,NA,NA,1
"Monday, May 31, 2004",,,1.00,,NA,NA,NA,NA,0
"Thursday, June 03, 2004",,,0.00,,NA,NA,NA,NA,0
"Monday, June 07, 2004",,,1.00,,NA,NA,NA,NA,0
"Thursday, June 10, 2004",,,3.00,,NA,NA,NA,NA,0
"Monday, June 14, 2004",,,3.00,,NA,NA,NA,NA,9
"Thursday, June 17, 2004",,,17.00,,NA,NA,NA,NA,11
"Monday, June 21, 2004",,,7.00,,NA,NA,NA,NA,8
"Thursday, June 24, 2004",,,18.00,,NA,NA,NA,NA,20
"Monday, June 28, 2004",,,15.00,,NA,NA,NA,NA,7
"Thursday, July 01, 2004",,,16.00,,NA,NA,NA,NA,6
"Monday, July 05, 2004",,,26.00,,NA,NA,NA,NA,19
"Thursday, July 08, 2004",,,16.00,,NA,NA,NA,NA,9
"Monday, July 12, 2004",,,4.00,,NA,NA,NA,NA,2
"Thursday, July 15, 2004",,,0.00,,NA,NA,NA,NA,0
"Monday, July 19, 2004",,,4.00,,NA,NA,NA,NA,4
"Thursday, July 22, 2004",,,12.00,,NA,NA,NA,NA,17
"Monday, July 26, 2004",,,1.00,,NA,NA,NA,NA,3
"Thursday, July 29, 2004",,,4.00,,NA,NA,NA,NA,11
"Monday, August 02, 2004",,,15.00,,NA,NA,NA,NA,11
"Thursday, August 05, 2004",,,3.00,,NA,NA,NA,NA,3
"Monday, August 09, 2004",,,22.00,,NA,NA,NA,NA,7
"Thursday, August 12, 2004",,,NA,,NA,NA,NA,NA,NA
"Monday, August 16, 2004",,,10.00,,NA,NA,NA,NA,17
"Thursday, August 19, 2004",,,6.00,,NA,NA,NA,NA,8
"Monday, August 23, 2004",,,12.00,,NA,NA,NA,NA,26
"Thursday, August 26, 2004",,,8.00,,NA,NA,NA,NA,20
"Monday, August 30, 2004",,,1.00,,NA,NA,NA,NA,5
"Thursday, September 02, 2004",,,1.00,,NA,NA,NA,NA,5
"Monday, September 06, 2004",,,NA,,NA,NA,NA,NA,NA
"Thursday, September 09, 2004",,,10.00,,NA,NA,NA,NA,32
"Monday, September 13, 2004",,,NA,,NA,NA,NA,NA,NA
"Thursday, September 16, 2004",,,24.00,,NA,NA,NA,NA,51
"Monday, September 20, 2004",,,NA,,NA,NA,NA,NA,NA
"Thursday, September 23, 2004",,,13.00,,NA,NA,NA,NA,17
"Monday, September 27, 2004",,,NA,,NA,NA,NA,NA,NA
"Thursday, September 30, 2004",,,0.00,,NA,NA,NA,NA,3
"Monday, October 04, 2004",,,NA,,NA,NA,NA,NA,NA
"Thursday, October 07, 2004",,,0.00,,NA,NA,NA,NA,0
"Monday, October 11, 2004",,,NA,,NA,NA,NA,NA,NA
"Thursday, October 14, 2004",,,NA,,NA,NA,NA,NA,NA
"Monday, October 18, 2004",,,NA,,NA,NA,NA,NA,NA
"Thursday, October 21, 2004",,,NA,,NA,NA,NA,NA,NA
"Monday, February 28, 2005",,,NA,,NA,NA,NA,NA,NA
"Thursday, March 03, 2005",,,NA,,NA,NA,NA,NA,NA
"Monday, March 07, 2005",,,NA,,NA,NA,NA,NA,NA
"Thursday, March 10, 2005",,,NA,,NA,NA,NA,NA,NA
"Monday, March 14, 2005",,,NA,,NA,NA,NA,NA,NA
"Thursday, March 17, 2005",,,NA,,NA,NA,NA,NA,NA
"Monday, March 21, 2005",,,NA,,NA,NA,NA,NA,NA
"Thursday, March 24, 2005",,,NA,,NA,NA,NA,NA,NA
"Monday, March 28, 2005",,,NA,,NA,NA,NA,NA,NA
"Thursday, March 31, 2005",,,NA,,NA,NA,NA,NA,NA
"Monday, April 04, 2005",,,NA,,NA,NA,NA,NA,NA
"Thursday, April 07, 2005",,,NA,,NA,NA,NA,NA,NA
"Monday, April 11, 2005",,,NA,,NA,NA,NA,NA,NA
"Thursday, April 14, 2005",,,0.00,,NA,NA,NA,NA,0
"Monday, April 18, 2005",,,NA,,NA,NA,NA,NA,NA
"Thursday, April 21, 2005",,,20.00,,NA,NA,NA,NA,32
"Monday, April 25, 2005",,,NA,,NA,NA,NA,NA,NA
"Thursday, April 28, 2005",,,0.00,,NA,NA,NA,NA,6
"Monday, May 02, 2005",,,NA,,NA,NA,NA,NA,NA
"Thursday, May 05, 2005",,,5.00,,NA,NA,NA,NA,1
"Monday, May 09, 2005",,,3.00,,NA,NA,NA,NA,8
"Thursday, May 12, 2005",,,21.00,,NA,NA,NA,NA,16
"Monday, May 16, 2005",,,2.00,,NA,NA,NA,NA,9
"Thursday, May 19, 2005",,,1.00,,NA,NA,NA,NA,3
"Monday, May 23, 2005",,,0.00,,NA,NA,NA,NA,6
"Thursday, May 26, 2005",,,0.00,,NA,NA,NA,NA,0
"Monday, May 30, 2005",,,0.00,,NA,NA,NA,NA,3
"Thursday, June 02, 2005",,,0.00,,NA,NA,NA,NA,1
"Monday, June 06, 2005",,,0.00,,NA,NA,NA,NA,0
"Thursday, June 09, 2005",,,1.00,,NA,NA,NA,NA,0
"Monday, June 13, 2005",,,6.00,,NA,NA,NA,NA,8
"Thursday, June 16, 2005",,,5.00,,NA,NA,NA,NA,28
"Monday, June 20, 2005",,,0.00,,NA,NA,NA,NA,2
"Thursday, June 23, 2005",,,7.00,,NA,NA,NA,NA,16
"Monday, June 27, 2005",,,42.00,,NA,NA,NA,NA,60
"Thursday, June 30, 2005",,,10.00,,NA,NA,NA,NA,15
"Monday, July 04, 2005",,,NA,,NA,NA,NA,NA,NA
"Thursday, July 07, 2005",,,33.00,,NA,NA,NA,NA,35
"Monday, July 11, 2005",,,5.00,,NA,NA,NA,NA,4
"Thursday, July 14, 2005",,,26.00,,NA,NA,NA,NA,35
"Monday, July 18, 2005",,,23.00,,NA,NA,NA,NA,27
"Thursday, July 21, 2005",,,14.00,,NA,NA,NA,NA,8
"Monday, July 25, 2005",,,37.00,,NA,NA,NA,NA,35
"Thursday, July 28, 2005",,,21.00,,NA,NA,NA,NA,14
"Monday, August 01, 2005",,,29.00,,NA,NA,NA,NA,36
"Thursday, August 04, 2005",,,5.00,,NA,NA,NA,NA,6
"Monday, August 08, 2005",,,3.00,,NA,NA,NA,NA,9
"Thursday, August 11, 2005",,,34.00,,NA,NA,NA,NA,38
"Monday, August 15, 2005",,,45.00,,NA,NA,NA,NA,41
"Thursday, August 18, 2005",,,2.00,,NA,NA,NA,NA,2
"Monday, August 22, 2005",,,63.00,,NA,NA,NA,NA,75
"Thursday, August 25, 2005",,,1.00,,NA,NA,NA,NA,14
"Monday, August 29, 2005",,,49.00,,NA,NA,NA,NA,80
"Thursday, September 01, 2005",,,28.00,,NA,NA,NA,NA,32
"Monday, September 05, 2005",,,NA,,NA,NA,NA,NA,NA
"Thursday, September 08, 2005",,,71.00,,NA,NA,NA,NA,157
"Monday, September 12, 2005",,,NA,,NA,NA,NA,NA,NA
"Thursday, September 15, 2005",,,44.00,,NA,NA,NA,NA,111
"Monday, September 19, 2005",,,NA,,NA,NA,NA,NA,NA
"Thursday, September 22, 2005",,,18.00,,NA,NA,NA,NA,32
"Monday, September 26, 2005",,,NA,,NA,NA,NA,NA,NA
"Thursday, September 29, 2005",,,8.00,,NA,NA,NA,NA,10
"Monday, October 03, 2005",,,NA,,NA,NA,NA,NA,NA
"Thursday, October 06, 2005",,,NA,,NA,NA,NA,NA,NA
"Monday, October 10, 2005",,,NA,,NA,NA,NA,NA,NA
"Thursday, October 13, 2005",,,NA,,NA,NA,NA,NA,NA
"Monday, October 17, 2005",,,NA,,NA,NA,NA,NA,NA
"Thursday, October 20, 2005",,,NA,,NA,NA,NA,NA,NA
"Monday, October 24, 2005",,,NA,,NA,NA,NA,NA,NA
"Thursday, October 27, 2005",,,NA,,NA,NA,NA,NA,NA
"Monday, March 27, 2006",,,NA,,NA,NA,NA,NA,NA
"Thursday, March 30, 2006",,,NA,,NA,NA,NA,NA,NA
"Monday, April 03, 2006",,,NA,,NA,NA,NA,NA,NA
"Thursday, April 06, 2006",,,2.00,,NA,NA,NA,0.00,0
"Monday, April 10, 2006",,,NA,,NA,NA,NA,NA,NA
"Thursday, April 13, 2006",,,16.00,,NA,NA,NA,2.00,10
"Monday, April 17, 2006",,,NA,,NA,NA,NA,NA,NA
"Thursday, April 20, 2006",,,149.00,,NA,NA,NA,167.00,103
"Monday, April 24, 2006",,,62.00,,NA,NA,NA,18.00,57
"Thursday, April 27, 2006",,,8.00,,NA,NA,NA,8.00,10
"Monday, May 01, 2006",,,2.00,,NA,NA,NA,6.00,2
"Thursday, May 04, 2006",,,5.00,,NA,NA,NA,7.00,1
"Monday, May 08, 2006",,,6.00,,NA,NA,NA,5.00,9
"Thursday, May 11, 2006",,,1.00,,NA,NA,NA,2.00,2
"Monday, May 15, 2006",,,0.00,,NA,NA,NA,NA,0
"Thursday, May 18, 2006",,,0.00,,NA,NA,NA,0.00,0
"Monday, May 22, 2006",,,0.00,,NA,NA,NA,0.00,0
"Thursday, May 25, 2006",,,0.00,,NA,NA,NA,0.00,0
"Monday, May 29, 2006",,,1.00,,NA,NA,NA,1.00,1
"Thursday, June 01, 2006",,,0.00,,NA,NA,NA,0.00,1
"Monday, June 05, 2006",,,0.00,,NA,NA,NA,1.00,0
"Thursday, June 08, 2006",,,8.00,,NA,NA,NA,0.00,24
"Monday, June 12, 2006",,,17.00,,NA,NA,NA,0.00,5
"Thursday, June 15, 2006",,,21.00,,NA,NA,NA,3.00,53
"Monday, June 19, 2006",,,62.00,,NA,NA,NA,5.00,44
"Thursday, June 22, 2006",,,18.00,,NA,NA,NA,0.00,13
"Monday, June 26, 2006",,,0.00,,NA,NA,NA,0.00,0
"Thursday, June 29, 2006",,,7.00,,NA,NA,NA,2.00,13
"Monday, July 03, 2006",,,6.00,,NA,NA,NA,7.00,6
"Thursday, July 06, 2006",,,3.00,,NA,NA,NA,5.00,2
"Monday, July 10, 2006",,,11.00,,NA,NA,NA,11.00,17
"Thursday, July 13, 2006",,,6.00,,NA,NA,NA,13.00,6
"Monday, July 17, 2006",,,43.00,,NA,NA,NA,9.00,25
"Thursday, July 20, 2006",,,16.00,,NA,NA,NA,11.00,6
"Monday, July 24, 2006",,,14.00,,NA,NA,NA,22.00,11
"Thursday, July 27, 2006",,,28.00,,NA,NA,NA,0.00,17
"Monday, July 31, 2006",,,10.00,,NA,NA,NA,2.00,5
"Thursday, August 03, 2006",,,28.00,,NA,NA,NA,52.00,10
"Monday, August 07, 2006",,,70.00,,NA,NA,NA,47.00,88
"Thursday, August 10, 2006",,,23.00,,NA,NA,NA,42.00,20
"Monday, August 14, 2006",,,119.00,,NA,NA,NA,13.00,103
"Thursday, August 17, 2006",,,53.00,,NA,NA,NA,2.00,41
"Monday, August 21, 2006",,,57.00,,NA,NA,NA,22.00,51
"Thursday, August 24, 2006",,,12.00,,NA,NA,NA,4.00,26
"Monday, August 28, 2006",,,22.00,,NA,NA,NA,27.00,26
"Thursday, August 31, 2006",,,3.00,,NA,NA,NA,23.00,6
"Monday, September 04, 2006",,,NA,,NA,NA,NA,NA,NA
"Thursday, September 07, 2006",,,5.00,,NA,NA,NA,28.00,22
"Monday, September 11, 2006",,,NA,,NA,NA,NA,NA,NA
"Thursday, September 14, 2006",,,34.00,,NA,NA,NA,55.00,40
"Monday, September 18, 2006",,,NA,,NA,NA,NA,NA,NA
"Thursday, September 21, 2006",,,36.00,,NA,NA,NA,47.00,51
"Monday, September 25, 2006",,,NA,,NA,NA,NA,NA,NA
"Thursday, September 28, 2006",,,60.00,,NA,NA,NA,39.00,39
"Monday, October 02, 2006",,,NA,,NA,NA,NA,NA,NA
"Thursday, October 05, 2006",,,3.00,,NA,NA,NA,5.00,4
"Monday, October 09, 2006",,,NA,,NA,NA,NA,NA,NA
"Thursday, October 12, 2006",,,1.00,,NA,NA,NA,2.00,3
"Monday, October 16, 2006",,,NA,,NA,NA,NA,NA,NA
"Thursday, October 19, 2006",,,0.00,,NA,NA,NA,0.00,0
"Monday, October 23, 2006",,,NA,,NA,NA,NA,NA,NA
"Thursday, October 26, 2006",,,NA,,NA,NA,NA,NA,NA
"Monday, October 30, 2006",,,NA,,NA,NA,NA,NA,NA
"Thursday, November 02, 2006",,,0.00,,NA,NA,NA,0.00,0
"Monday, March 19, 2007",,,NA,,NA,NA,NA,NA,NA
"Thursday, March 22, 2007",,,NA,,NA,NA,NA,NA,NA
"Monday, March 26, 2007",,,NA,,NA,NA,NA,NA,NA
"Thursday, March 29, 2007",,,NA,,NA,NA,NA,NA,NA
"Monday, April 02, 2007",,,NA,,NA,NA,NA,NA,NA
"Thursday, April 05, 2007",,,NA,,NA,NA,NA,NA,NA
"Monday, April 09, 2007",,,NA,,NA,NA,NA,NA,NA
"Thursday, April 12, 2007",,,0.00,,NA,NA,NA,0.00,0
"Monday, April 16, 2007",,,NA,,NA,NA,NA,NA,NA
"Thursday, April 19, 2007",,,0.00,,NA,NA,NA,0.00,0
"Monday, April 23, 2007",,,1.00,,NA,NA,NA,10.00,1
"Thursday, April 26, 2007",,,10.00,,NA,NA,NA,2.00,23
"Monday, April 30, 2007",,,51.00,,NA,NA,NA,6.00,88
"Thursday, May 03, 2007",,,69.00,,NA,NA,NA,105.00,87
"Monday, May 07, 2007",,,49.00,,NA,NA,NA,105.00,67
"Thursday, May 10, 2007",,,24.00,,NA,NA,NA,32.00,22
"Monday, May 14, 2007",,,12.00,,NA,NA,NA,6.00,11
"Thursday, May 17, 2007",,,4.00,,NA,NA,NA,3.00,4
"Monday, May 21, 2007",,,2.00,,NA,NA,NA,3.00,0
"Thursday, May 24, 2007",,,3.00,,NA,NA,NA,3.00,4
"Monday, May 28, 2007",,,1.00,,NA,NA,NA,4.00,0
"Thursday, May 31, 2007",,,0.00,,NA,NA,NA,0.00,0
"Monday, June 04, 2007",,,0.00,,NA,NA,NA,0.00,0
"Thursday, June 07, 2007",,,0.00,,NA,NA,NA,0.00,0
"Monday, June 11, 2007",,,0.00,,NA,NA,NA,3.00,6
"Thursday, June 14, 2007",,,1.00,,NA,NA,NA,2.00,0
"Monday, June 18, 2007",,,0.00,,NA,NA,NA,17.00,0
"Thursday, June 21, 2007",,,2.00,,NA,NA,NA,8.00,3
"Monday, June 25, 2007",,,2.00,,NA,NA,NA,3.00,0
"Thursday, June 28, 2007",,,6.00,,NA,NA,NA,0.00,1
"Monday, July 02, 2007",,,10.00,,NA,NA,NA,0.00,12
"Thursday, July 05, 2007",,,17.00,,NA,NA,NA,1.00,7
"Monday, July 09, 2007",,,2.00,,NA,NA,NA,2.00,0
"Thursday, July 12, 2007",,,4.00,,NA,NA,NA,2.00,3
"Monday, July 16, 2007",,,3.00,,NA,NA,NA,2.00,1
"Thursday, July 19, 2007",,,6.00,,NA,NA,NA,0.00,3
"Monday, July 23, 2007",,,7.00,,NA,NA,NA,0.00,2
"Thursday, July 26, 2007",,,12.00,,NA,NA,NA,1.00,5
"Monday, July 30, 2007",,,5.00,,NA,NA,NA,NA,3
"Thursday, August 02, 2007",,,4.00,,NA,NA,NA,NA,1
"Monday, August 06, 2007",,,15.00,,NA,NA,NA,NA,7
"Thursday, August 09, 2007",,,11.00,,NA,NA,NA,NA,6
"Monday, August 13, 2007",,,5.00,,NA,NA,NA,NA,4
"Thursday, August 16, 2007",,,9.00,,NA,NA,NA,NA,6
"Monday, August 20, 2007",,,11.00,,NA,NA,NA,NA,17
"Thursday, August 23, 2007",,,4.00,,NA,NA,NA,NA,4
"Monday, August 27, 2007",,,10.00,,NA,NA,NA,NA,6
"Thursday, August 30, 2007",,,6.00,,NA,NA,NA,NA,4
"Monday, September 03, 2007",,,2.00,,NA,NA,NA,NA,6
"Thursday, September 06, 2007",,,2.00,,NA,NA,NA,NA,11
"Monday, September 10, 2007",,,NA,,NA,NA,NA,NA,NA
"Thursday, September 13, 2007",,,9.00,,NA,NA,NA,NA,24
"Monday, September 17, 2007",,,NA,,NA,NA,NA,NA,NA
"Thursday, September 20, 2007",,,22.00,,NA,NA,NA,NA,40
"Monday, September 24, 2007",,,NA,,NA,NA,NA,NA,NA
"Thursday, September 27, 2007",,,8.00,,NA,NA,NA,NA,4
"Monday, October 01, 2007",,,NA,,NA,NA,NA,NA,NA
"Thursday, October 04, 2007",,,2.00,,NA,NA,NA,NA,3
"Monday, October 08, 2007",,,NA,,NA,NA,NA,NA,NA
"Thursday, October 11, 2007",,,0.00,,NA,NA,NA,NA,0
"Monday, October 15, 2007",,,NA,,NA,NA,NA,NA,NA
"Thursday, October 18, 2007",,,1.00,,NA,NA,NA,NA,0
"Monday, October 22, 2007",,,NA,,NA,NA,NA,NA,NA
"Thursday, October 25, 2007",,,1.00,,NA,NA,NA,NA,NA
"Monday, October 29, 2007",,,NA,,NA,NA,NA,NA,NA
"Thursday, November 01, 2007",,,NA,,NA,NA,NA,NA,NA
"Monday, November 05, 2007",,,NA,,NA,NA,NA,NA,NA
"Thursday, November 08, 2007",,,NA,,NA,NA,NA,NA,NA
"Monday, March 24, 2008",,,NA,,NA,NA,NA,NA,NA
"Thursday, March 27, 2008",,,NA,,NA,NA,NA,NA,NA
"Monday, March 31, 2008",,,NA,,NA,NA,NA,NA,NA
"Thursday, April 03, 2008",,,NA,,NA,NA,NA,NA,NA
"Monday, April 07, 2008",,,NA,,NA,NA,NA,NA,NA
"Thursday, April 10, 2008",,,NA,,NA,NA,NA,NA,NA
"Monday, April 14, 2008",,,NA,,NA,NA,NA,NA,NA
"Thursday, April 17, 2008",,,0.00,,NA,NA,NA,NA,0
"Monday, April 21, 2008",,,1.00,,NA,NA,NA,NA,1
"Thursday, April 24, 2008",,,8.00,,NA,NA,NA,NA,8
"Monday, April 28, 2008",,,19.00,,NA,NA,NA,NA,27
"Thursday, May 01, 2008",,,0.00,,NA,NA,NA,NA,0
"Monday, May 05, 2008",,,7.00,,NA,NA,NA,NA,10
"Thursday, May 08, 2008",,,11.00,,NA,NA,NA,NA,20
"Monday, May 12, 2008",,,0.00,,NA,NA,NA,NA,0
"Thursday, May 15, 2008",,,1.00,,NA,NA,NA,NA,0
"Monday, May 19, 2008",,,0.00,,NA,NA,NA,NA,0
"Thursday, May 22, 2008",,,0.00,,NA,NA,NA,NA,0
"Monday, May 26, 2008",,,3.00,,NA,NA,NA,NA,2
"Thursday, May 29, 2008",,,0.00,,NA,NA,NA,NA,0
"Monday, June 02, 2008",,,3.00,,NA,NA,NA,NA,1
"Thursday, June 05, 2008",,,2.00,,NA,NA,NA,NA,0
"Monday, June 09, 2008",,,1.00,,NA,NA,NA,NA,0
"Thursday, June 12, 2008",,,0.00,,NA,NA,NA,NA,0
"Monday, June 16, 2008",,,30.00,,NA,NA,NA,NA,23
"Thursday, June 19, 2008",,,22.00,,NA,NA,NA,NA,23
"Monday, June 23, 2008",,,13.00,,NA,NA,NA,NA,7
"Thursday, June 26, 2008",,,2.00,,NA,NA,NA,NA,1
"Monday, June 30, 2008",,,3.00,,NA,NA,NA,NA,13
"Thursday, July 03, 2008",,,8.00,,NA,NA,NA,NA,7
"Monday, July 07, 2008",,,4.00,,NA,NA,NA,NA,5
"Thursday, July 10, 2008",,,8.00,,NA,NA,NA,NA,8
"Monday, July 14, 2008",,,9.00,,NA,NA,NA,NA,13
"Thursday, July 17, 2008",,,1.00,,NA,NA,NA,NA,0
"Monday, July 21, 2008",,,17.00,,NA,NA,NA,NA,12
"Thursday, July 24, 2008",,,7.00,,NA,NA,NA,NA,7
"Monday, July 28, 2008",,,14.00,,NA,NA,NA,NA,9
"Thursday, July 31, 2008",,,13.00,,NA,NA,NA,NA,8
"Monday, August 04, 2008",,,8.00,,NA,NA,NA,NA,4
"Thursday, August 07, 2008",,,11.00,,NA,NA,NA,NA,9
"Monday, August 11, 2008",,,9.00,,NA,NA,NA,NA,5
"Thursday, August 14, 2008",,,10.00,,NA,NA,NA,NA,13
"Monday, August 18, 2008",,,16.00,,NA,NA,NA,NA,18
"Thursday, August 21, 2008",,,7.00,,NA,NA,NA,NA,20
"Monday, August 25, 2008",,,12.00,,NA,NA,NA,NA,30
"Thursday, August 28, 2008",,,13.00,,NA,NA,NA,NA,28
"Monday, September 01, 2008",,,8.00,,NA,NA,NA,NA,7
"Thursday, September 04, 2008",,,7.00,,NA,NA,NA,NA,11
"Monday, September 08, 2008",,,24.00,,NA,NA,NA,NA,38
"Thursday, September 11, 2008",,,6.00,,NA,NA,NA,NA,9
"Monday, September 15, 2008",,,3.00,,NA,NA,NA,NA,18
"Thursday, September 18, 2008",,,0.00,,NA,NA,NA,NA,1
"Monday, September 22, 2008",,,NA,,NA,NA,NA,NA,NA
"Thursday, September 25, 2008",,,0.00,,NA,NA,NA,NA,11
"Monday, September 29, 2008",,,NA,,NA,NA,NA,NA,NA
"Thursday, October 02, 2008",,,0.00,,NA,NA,NA,NA,1
"Monday, October 06, 2008",,,NA,,NA,NA,NA,NA,NA
"Thursday, October 09, 2008",,,0.00,,NA,NA,NA,NA,0
"Thursday, April 02, 2009",,,NA,,NA,NA,NA,NA,NA
"Monday, April 06, 2009",,,NA,,NA,NA,NA,NA,NA
"Thursday, April 09, 2009",,,0.00,,NA,NA,NA,NA,0
"Monday, April 13, 2009",,,NA,,NA,NA,NA,NA,NA
"Thursday, April 16, 2009",,,0.00,,NA,NA,NA,NA,0
"Monday, April 20, 2009",,,3.00,,NA,NA,NA,NA,4
"Thursday, April 23, 2009",,,0.00,,NA,NA,NA,NA,0
"Monday, April 27, 2009",,,29.00,,NA,NA,NA,NA,30
"Thursday, April 30, 2009",,,13.00,,NA,NA,NA,NA,17
"Monday, May 04, 2009",,,0.00,,NA,NA,NA,NA,1
"Thursday, May 07, 2009",,,3.00,,NA,NA,NA,NA,3
"Monday, May 11, 2009",,,5.00,,NA,NA,NA,NA,2
"Thursday, May 14, 2009",,,1.00,,NA,NA,NA,NA,0
"Monday, May 18, 2009",,,2.00,,NA,NA,NA,NA,2
"Thursday, May 21, 2009",,,1.00,,NA,NA,NA,NA,1
"Monday, May 25, 2009",,,1.00,,NA,NA,NA,NA,0
"Thursday, May 28, 2009",,,0.00,,NA,NA,NA,NA,0
"Monday, June 01, 2009",,,0.00,,NA,NA,NA,NA,0
"Thursday, June 04, 2009",,,0.00,,NA,NA,NA,NA,0
"Monday, June 08, 2009",,,0.00,,NA,NA,NA,NA,0
"Thursday, June 11, 2009",,,1.00,,NA,NA,NA,NA,0
"Monday, June 15, 2009",,,1.00,,NA,NA,NA,NA,6
"Thursday, June 18, 2009",,,7.00,,NA,NA,NA,NA,8
"Monday, June 22, 2009",,,15.00,,NA,NA,NA,NA,32
"Thursday, June 25, 2009",,,0.00,,NA,NA,NA,NA,0
"Monday, June 29, 2009",,,3.00,,NA,NA,NA,NA,13
"Thursday, July 02, 2009",,,0.00,,NA,NA,NA,NA,5
"Monday, July 06, 2009",,,0.00,,NA,NA,NA,NA,2
"Thursday, July 09, 2009",,,0.00,,NA,NA,NA,NA,0
"Monday, July 13, 2009",,,11.00,,NA,NA,NA,NA,5
"Thursday, July 16, 2009",,,9.00,,NA,NA,NA,NA,4
"Monday, July 20, 2009",,,1.00,,NA,NA,NA,NA,2
"Thursday, July 23, 2009",,,9.00,,NA,NA,NA,NA,20
"Monday, July 27, 2009",,,14.00,,NA,NA,NA,NA,15
"Thursday, July 30, 2009",,,14.00,,NA,NA,NA,NA,8
"Monday, August 03, 2009",,,19.00,,NA,NA,NA,NA,10
"Thursday, August 06, 2009",,,3.00,,NA,NA,NA,NA,0
"Monday, August 10, 2009",,,11.00,,NA,NA,NA,NA,5
"Thursday, August 13, 2009",,,6.00,,NA,NA,NA,NA,8
"Monday, August 17, 2009",,,6.00,,NA,NA,NA,NA,5
"Thursday, August 20, 2009",,,3.00,,NA,NA,NA,NA,12
"Monday, August 24, 2009",,,7.00,,NA,NA,NA,NA,11
"Thursday, August 27, 2009",,,5.00,,NA,NA,NA,NA,18
"Monday, August 31, 2009",,,2.00,,NA,NA,NA,NA,10
"Thursday, September 03, 2009",,,0.00,,NA,NA,NA,NA,12
"Monday, September 07, 2009",,,0.00,,NA,NA,NA,NA,11
"Thursday, September 10, 2009",,,0.00,,NA,NA,NA,NA,0
"Monday, September 14, 2009",,,NA,,NA,NA,NA,NA,NA
"Thursday, September 17, 2009",,,1.00,,NA,NA,NA,NA,16
"Monday, September 21, 2009",,,NA,,NA,NA,NA,NA,NA
"Thursday, September 24, 2009",,,5.00,,NA,NA,NA,NA,13
"Monday, September 28, 2009",,,NA,,NA,NA,NA,NA,NA
"Thursday, October 01, 2009",,,0.00,,NA,NA,NA,NA,0
"Monday, October 05, 2009",,,NA,,NA,NA,NA,NA,NA
"Thursday, October 08, 2009",,,1.00,,NA,NA,NA,NA,0
"Monday, October 12, 2009",,,NA,,NA,NA,NA,NA,NA
"Thursday, October 15, 2009",,,NA,,NA,NA,NA,NA,NA
"Monday, October 19, 2009",,,NA,,NA,NA,NA,NA,NA
"Thursday, October 22, 2009",,,NA,,NA,NA,NA,NA,NA
"Monday, March 22, 2010",,,NA,,NA,NA,NA,NA,NA
"Thursday, March 25, 2010",,,NA,,NA,NA,NA,NA,NA
"Monday, March 29, 2010",,,NA,,NA,NA,NA,NA,NA
"Thursday, April 01, 2010",,,0.00,,NA,NA,NA,NA,0
"Monday, April 05, 2010",,,NA,,NA,NA,NA,NA,NA
"Thursday, April 08, 2010",,,2.00,,NA,NA,NA,NA,5
"Monday, April 12, 2010",,,1.00,,NA,NA,NA,NA,8
"Thursday, April 15, 2010",,,1.00,,NA,NA,NA,NA,1
"Monday, April 19, 2010",,,2.00,,NA,NA,NA,NA,6
"Thursday, April 22, 2010",,,3.00,,NA,NA,NA,NA,1
"Monday, April 26, 2010",,,1.00,,NA,NA,NA,NA,3
"Thursday, April 29, 2010",,,0.00,,NA,NA,NA,NA,0
"Monday, May 03, 2010",,,7.00,,NA,NA,NA,NA,4
"Thursday, May 06, 2010",,,1.00,,NA,NA,NA,NA,0
"Monday, May 10, 2010",,,1.00,,NA,NA,NA,NA,0
"Thursday, May 13, 2010",,,0.00,,NA,NA,NA,NA,0
"Monday, May 17, 2010",,,0.00,,NA,NA,NA,NA,0
"Thursday, May 20, 2010",,,0.00,,NA,NA,NA,NA,0
"Monday, May 24, 2010",,,0.00,,NA,NA,NA,NA,0
"Thursday, May 27, 2010",,,0.00,,NA,NA,NA,NA,0
"Monday, May 31, 2010",,,1.00,,NA,NA,NA,NA,0
"Thursday, June 03, 2010",,,0.00,,NA,NA,NA,NA,0
"Monday, June 07, 2010",,,0.00,,NA,NA,NA,NA,3
"Thursday, June 10, 2010",,,5.00,,NA,NA,NA,NA,3
"Monday, June 14, 2010",,,5.00,,NA,NA,NA,NA,14
"Thursday, June 17, 2010",,,10.00,,NA,NA,NA,NA,11
"Monday, June 21, 2010",,,0.00,,NA,NA,NA,NA,0
"Thursday, June 24, 2010",,,1.00,,NA,NA,NA,NA,0
"Monday, June 28, 2010",,,0.00,,NA,NA,NA,NA,0
"Thursday, July 01, 2010",,,1.00,,NA,NA,NA,NA,3
"Monday, July 05, 2010",,,2.00,,NA,NA,NA,NA,7
"Thursday, July 08, 2010",,,0.00,,NA,NA,NA,NA,1
"Monday, July 12, 2010",,,3.00,,NA,NA,NA,NA,17
"Thursday, July 15, 2010",,,2.00,,NA,NA,NA,NA,6
"Monday, July 19, 2010",,,1.00,,NA,NA,NA,NA,2
"Thursday, July 22, 2010",,,7.00,,NA,NA,NA,NA,3
"Monday, July 26, 2010",,,10.00,,NA,NA,NA,NA,6
"Thursday, July 29, 2010",,,20.00,,NA,NA,NA,NA,8
"Monday, August 02, 2010",,,28.00,,NA,NA,NA,NA,11
"Thursday, August 05, 2010",,,11.00,,NA,NA,NA,NA,6
"Monday, August 09, 2010",,,7.00,,NA,NA,NA,NA,2
"Thursday, August 12, 2010",,,7.00,,NA,NA,NA,NA,6
"Monday, August 16, 2010",,,4.00,,NA,NA,NA,NA,10
"Thursday, August 19, 2010",,,3.00,,NA,NA,NA,NA,6
"Monday, August 23, 2010",,,2.00,,NA,NA,NA,NA,4
"Thursday, August 26, 2010",,,1.00,,NA,NA,NA,NA,5
"Monday, August 30, 2010",,,0.00,,NA,NA,NA,NA,12
"Thursday, September 02, 2010",,,4.00,,NA,NA,NA,NA,12
"Monday, September 06, 2010",,,34.00,,NA,NA,NA,NA,22
"Thursday, September 09, 2010",,,5.00,,NA,NA,NA,NA,8
"Monday, September 13, 2010",,,11.00,,NA,NA,NA,NA,18
"Thursday, September 16, 2010",,,4.00,,NA,NA,NA,NA,7
"Monday, September 20, 2010",,,NA,,NA,NA,NA,NA,NA
"Thursday, September 23, 2010",,,3.00,,NA,NA,NA,NA,8
"Monday, September 27, 2010",,,NA,,NA,NA,NA,NA,NA
"Thursday, September 30, 2010",,,3.00,,NA,NA,NA,NA,6
"Monday, October 04, 2010",,,NA,,NA,NA,NA,NA,NA
"Thursday, October 07, 2010",,,0.00,,NA,NA,NA,NA,0
"Monday, October 11, 2010",,,NA,,NA,NA,NA,NA,NA
"Thursday, October 14, 2010",,,NA,,NA,NA,NA,NA,NA
"Monday, October 18, 2010",,,NA,,NA,NA,NA,NA,NA
"Thursday, October 21, 2010",,,NA,,NA,NA,NA,NA,NA
"Monday, March 28, 2011",,,NA,,NA,NA,NA,NA,NA
"Thursday, March 31, 2011",,,NA,,NA,NA,NA,NA,NA
"Monday, April 04, 2011",,,NA,,NA,NA,NA,NA,NA
"Thursday, April 07, 2011",,,NA,,NA,NA,NA,NA,NA
"Monday, April 11, 2011",,,NA,,NA,NA,NA,NA,NA
"Thursday, April 14, 2011",,,0.00,,NA,NA,NA,NA,0
"Monday, April 18, 2011",,,NA,,NA,NA,NA,NA,NA
"Thursday, April 21, 2011",,,1.00,,NA,NA,NA,NA,5
"Monday, April 25, 2011",,,10.00,,NA,NA,NA,NA,11
"Thursday, April 28, 2011",,,5.00,,NA,NA,NA,NA,16
"Monday, May 02, 2011",,,2.00,,NA,NA,NA,NA,13
"Thursday, May 05, 2011",,,20.00,,NA,NA,NA,NA,7
"Monday, May 09, 2011",,,2.00,,NA,NA,NA,NA,3
"Thursday, May 12, 2011",,,1.00,,NA,NA,NA,NA,6
"Monday, May 16, 2011",,,1.00,,NA,NA,NA,NA,3
"Thursday, May 19, 2011",,,0.00,,NA,NA,NA,NA,0
"Monday, May 23, 2011",,,1.00,,NA,NA,NA,NA,0
"Thursday, May 26, 2011",,,0.00,,NA,NA,NA,NA,3
"Monday, May 30, 2011",,,4.00,,NA,NA,NA,NA,3
"Thursday, June 02, 2011",,,0.00,,NA,NA,NA,NA,1
"Monday, June 06, 2011",,,1.00,,NA,NA,NA,NA,3
"Thursday, June 09, 2011",,,2.00,,NA,NA,NA,NA,2
"Monday, June 13, 2011",,,4.00,,NA,NA,NA,NA,13
"Thursday, June 16, 2011",,,0.00,,NA,NA,NA,NA,4
"Monday, June 20, 2011",,,1.00,,NA,NA,NA,NA,15
"Thursday, June 23, 2011",,,0.00,,NA,NA,NA,NA,4
"Monday, June 27, 2011",,,0.00,,NA,NA,NA,NA,0
"Thursday, June 30, 2011",,,0.00,,NA,NA,NA,NA,1
"Monday, July 04, 2011",,,0.00,,NA,NA,NA,NA,4
"Thursday, July 07, 2011",,,0.00,,NA,NA,NA,NA,1
"Monday, July 11, 2011",,,0.00,,NA,NA,NA,NA,1
"Thursday, July 14, 2011",,,4.00,,NA,NA,NA,NA,5
"Monday, July 18, 2011",,,4.00,,NA,NA,NA,NA,3
"Thursday, July 21, 2011",,,0.00,,NA,NA,NA,NA,1
"Monday, July 25, 2011",,,0.00,,NA,NA,NA,NA,3
"Thursday, July 28, 2011",,,1.00,,NA,NA,NA,NA,3
"Monday, August 01, 2011",,,2.00,,NA,NA,NA,NA,2
"Thursday, August 04, 2011",,,0.00,,NA,NA,NA,NA,2
"Monday, August 08, 2011",,,1.00,,NA,NA,NA,NA,1
"Thursday, August 11, 2011",,,2.00,,NA,NA,NA,NA,0
"Monday, August 15, 2011",,,1.00,,NA,NA,NA,NA,1
"Thursday, August 18, 2011",,,2.00,,NA,NA,NA,NA,1
"Monday, August 22, 2011",,,0.00,,NA,NA,NA,NA,1
"Thursday, August 25, 2011",,,0.00,,NA,NA,NA,NA,2
"Monday, August 29, 2011",,,0.00,,NA,NA,NA,NA,0
"Thursday, September 01, 2011",,,1.00,,NA,NA,NA,NA,4
"Monday, September 05, 2011",,,0.00,,NA,NA,NA,NA,2
"Thursday, September 08, 2011",,,0.00,,NA,NA,NA,NA,0
"Monday, September 12, 2011",,,0.00,,NA,NA,NA,NA,1
"Thursday, September 15, 2011",,,3.00,,NA,NA,NA,NA,4
"Monday, September 19, 2011",,,NA,,NA,NA,NA,NA,NA
"Thursday, September 22, 2011",,,1.00,,NA,NA,NA,NA,14
"Monday, September 26, 2011",,,NA,,NA,NA,NA,NA,NA
"Thursday, September 29, 2011",,,0.00,,NA,NA,NA,NA,2
"Monday, October 03, 2011",,,NA,,NA,NA,NA,NA,NA
"Thursday, October 06, 2011",,,0.00,,NA,NA,NA,NA,0
"Monday, October 10, 2011",,,NA,,NA,NA,NA,NA,NA
"Thursday, October 13, 2011",,,0.00,,NA,NA,NA,NA,0
"Monday, October 17, 2011",,,NA,,NA,NA,NA,NA,NA
"Thursday, October 20, 2011",,,NA,,NA,NA,NA,NA,NA
"Monday, October 24, 2011",,,NA,,NA,NA,NA,NA,NA
"Monday, March 12, 2012",,,NA,,NA,NA,NA,NA,NA
"Thursday, March 15, 2012",,,NA,,NA,NA,NA,NA,NA
"Monday, March 19, 2012",,,NA,,NA,NA,NA,NA,NA
"Thursday, March 22, 2012",,,NA,,NA,NA,NA,NA,NA
"Monday, March 26, 2012",,,0.00,,NA,NA,NA,NA,1
"Thursday, March 29, 2012",,,2.00,,NA,NA,NA,NA,1
"Monday, April 02, 2012",,,0.00,,NA,NA,NA,NA,1
"Thursday, April 05, 2012",,,3.00,,NA,NA,NA,NA,13
"Monday, April 09, 2012",,,5.00,,NA,NA,NA,NA,9
"Thursday, April 12, 2012",,,1.00,,NA,NA,NA,NA,2
"Monday, April 16, 2012",,,7.00,,NA,NA,NA,NA,8
"Thursday, April 19, 2012",,,4.00,,NA,NA,NA,NA,5
"Monday, April 23, 2012",,,1.00,,NA,NA,NA,NA,1
"Thursday, April 26, 2012",,,0.00,,NA,NA,NA,NA,0
"Monday, April 30, 2012",,,0.00,,NA,NA,NA,NA,0
"Thursday, May 03, 2012",,,0.00,,NA,NA,NA,NA,0
"Monday, May 07, 2012",,,0.00,,NA,NA,NA,NA,1
"Thursday, May 10, 2012",,,0.00,,NA,NA,NA,NA,0
"Monday, May 14, 2012",,,2.00,,NA,NA,NA,NA,0
"Thursday, May 17, 2012",,,0.00,,NA,NA,NA,NA,0
"Monday, May 21, 2012",,,0.00,,NA,NA,NA,NA,0
"Thursday, May 24, 2012",,,0.00,,NA,NA,NA,NA,0
"Monday, May 28, 2012",,,0.00,,NA,NA,NA,NA,0
"Thursday, May 31, 2012",,,0.00,,NA,NA,NA,NA,3
"Monday, June 04, 2012",,,0.00,,NA,NA,NA,NA,1
"Thursday, June 07, 2012",,,0.00,,NA,NA,NA,NA,5
"Monday, June 11, 2012",,,8.00,,NA,NA,NA,NA,11
"Thursday, June 14, 2012",,,0.00,,NA,NA,NA,NA,17
"Monday, June 18, 2012",,,0.00,,NA,NA,NA,NA,8
"Thursday, June 21, 2012",,,0.00,,NA,NA,NA,NA,2
"Monday, June 25, 2012",,,0.00,,NA,NA,NA,NA,0
"Thursday, June 28, 2012",,,0.00,,NA,NA,NA,NA,0
"Monday, July 02, 2012",,,1.00,,NA,NA,NA,NA,1
"Thursday, July 05, 2012",,,0.00,,NA,NA,NA,NA,2
"Monday, July 09, 2012",,,0.00,,NA,NA,NA,NA,1
"Thursday, July 12, 2012",,,0.00,,NA,NA,NA,NA,0
"Monday, July 16, 2012",,,2.00,,NA,NA,NA,NA,3
"Thursday, July 19, 2012",,,3.00,,NA,NA,NA,NA,3
"Monday, July 23, 2012",,,0.00,,NA,NA,NA,NA,4
"Thursday, July 26, 2012",,,2.00,,NA,NA,NA,NA,4
"Monday, July 30, 2012",,,9.00,,NA,NA,NA,NA,5
"Thursday, August 02, 2012",,,2.00,,NA,NA,NA,NA,2
"Monday, August 06, 2012",,,0.00,,NA,NA,NA,NA,4
"Thursday, August 09, 2012",,,0.00,,NA,NA,NA,NA,2
"Monday, August 13, 2012",,,1.00,,NA,NA,NA,NA,2
"Thursday, August 16, 2012",,,0.00,,NA,NA,NA,NA,0
"Monday, August 20, 2012",,,1.00,,NA,NA,NA,NA,8
"Thursday, August 23, 2012",,,0.00,,NA,NA,NA,NA,5
"Monday, August 27, 2012",,,2.00,,NA,NA,NA,NA,13
"Thursday, August 30, 2012",,,0.00,,NA,NA,NA,NA,6
"Monday, September 03, 2012",,,0.00,,NA,NA,NA,NA,18
"Thursday, September 06, 2012",,,1.00,,NA,NA,NA,NA,4
"Monday, September 10, 2012",,,NA,,NA,NA,NA,NA,NA
"Thursday, September 13, 2012",,,9.00,,NA,NA,NA,NA,28
"Monday, September 17, 2012",,,NA,,NA,NA,NA,NA,NA
"Thursday, September 20, 2012",,,2.00,,NA,NA,NA,NA,7
"Monday, September 24, 2012",,,NA,,NA,NA,NA,NA,NA
"Thursday, September 27, 2012",,,NA,,NA,NA,NA,NA,NA
"Monday, October 01, 2012",,,NA,,NA,NA,NA,NA,NA
"Thursday, October 04, 2012",,,NA,,NA,NA,NA,NA,NA
"Monday, October 08, 2012",,,NA,,NA,NA,NA,NA,NA
"Monday, April 01, 2013",,,NA,,NA,NA,NA,NA,NA
"Thursday, April 04, 2013",,,NA,,NA,NA,NA,NA,NA
"Monday, April 08, 2013",,,NA,,NA,NA,NA,NA,NA
"Thursday, April 11, 2013",,,NA,,NA,NA,NA,NA,NA
"Monday, April 15, 2013",,,NA,,NA,NA,NA,NA,NA
"Thursday, April 18, 2013",,,0.00,,NA,NA,NA,NA,0
"Monday, April 22, 2013",,,NA,,NA,NA,NA,NA,NA
"Thursday, April 25, 2013",,,0.00,,NA,NA,NA,NA,3
"Monday, April 29, 2013",,,NA,,NA,NA,NA,NA,NA
"Thursday, May 02, 2013",,,1.00,,NA,NA,NA,NA,3
"Monday, May 06, 2013",,,NA,,NA,NA,NA,NA,NA
"Thursday, May 09, 2013",,,1.00,,NA,NA,NA,NA,2
"Monday, May 13, 2013",,,NA,,NA,NA,NA,NA,NA
"Thursday, May 16, 2013",,,0.00,,NA,NA,NA,NA,0
"Monday, May 20, 2013",,,NA,,NA,NA,NA,NA,NA
"Thursday, May 23, 2013",,,1.00,,NA,NA,NA,NA,1
"Monday, May 27, 2013",,,NA,,NA,NA,NA,NA,NA
"Thursday, May 30, 2013",,,0.00,,NA,NA,NA,NA,1
"Monday, June 03, 2013",,,NA,,NA,NA,NA,NA,NA
"Thursday, June 06, 2013",,,2.00,,NA,NA,NA,NA,1
"Monday, June 10, 2013",,,NA,,NA,NA,NA,NA,NA
"Thursday, June 13, 2013",,,2.00,,NA,NA,NA,NA,0
"Monday, June 17, 2013",,,NA,,NA,NA,NA,NA,NA
"Thursday, June 20, 2013",,,1.00,,NA,NA,NA,NA,2
"Monday, June 24, 2013",,,NA,,NA,NA,NA,NA,NA
"Thursday, June 27, 2013",,,0.00,,NA,NA,NA,NA,2
"Monday, July 01, 2013",,,NA,,NA,NA,NA,NA,NA
"Thursday, July 04, 2013",,,2.00,,NA,NA,NA,NA,3
"Monday, July 08, 2013",,,NA,,NA,NA,NA,NA,NA
"Thursday, July 11, 2013",,,0.00,,NA,NA,NA,NA,5
"Monday, July 15, 2013",,,NA,,NA,NA,NA,NA,NA
"Thursday, July 18, 2013",,,1.00,,NA,NA,NA,NA,1
"Monday, July 22, 2013",,,NA,,NA,NA,NA,NA,NA
"Thursday, July 25, 2013",,,0.00,,NA,NA,NA,NA,4
"Monday, July 29, 2013",,,NA,,NA,NA,NA,NA,NA
"Thursday, August 01, 2013",,,0.00,,NA,NA,NA,NA,6
"Monday, August 05, 2013",,,NA,,NA,NA,NA,NA,NA
"Thursday, August 08, 2013",,,1.00,,NA,NA,NA,NA,0
"Monday, August 12, 2013",,,NA,,NA,NA,NA,NA,NA
"Thursday, August 15, 2013",,,5.00,,NA,NA,NA,NA,3
"Monday, August 19, 2013",,,NA,,NA,NA,NA,NA,NA
"Thursday, August 22, 2013",,,0.00,,NA,NA,NA,NA,7
"Monday, August 26, 2013",,,NA,,NA,NA,NA,NA,NA
"Thursday, August 29, 2013",,,11.00,,NA,NA,NA,NA,16
"Monday, September 02, 2013",,,NA,,NA,NA,NA,NA,NA
"Thursday, September 05, 2013",,,1.00,,NA,NA,NA,NA,4
"Monday, September 09, 2013",,,NA,,NA,NA,NA,NA,NA
"Thursday, September 12, 2013",,,3.00,,NA,NA,NA,NA,4
"Monday, September 16, 2013",,,NA,,NA,NA,NA,NA,NA
"Thursday, September 19, 2013",,,1.00,,NA,NA,NA,NA,4
"Monday, September 23, 2013",,,NA,,NA,NA,NA,NA,NA
"Thursday, September 26, 2013",,,4.00,,NA,NA,NA,NA,5
"Monday, September 30, 2013",,,NA,,NA,NA,NA,NA,NA
"Thursday, October 03, 2013",,,0.00,,NA,NA,NA,NA,2
"Monday, October 07, 2013",,,NA,,NA,NA,NA,NA,NA
"Thursday, October 10, 2013",,,0.00,,NA,NA,NA,NA,0
"Monday, October 14, 2013",,,NA,,NA,NA,NA,NA,NA
"Thursday, October 17, 2013",,,0.00,,NA,NA,NA,NA,0
"Thursday, April 03, 2014",,,,,,,,,NA
"Thursday, April 10, 2014",,,,,,,,,NA
"Thursday, April 17, 2014",,,,,,,,,NA
"Thursday, April 24, 2014",0.00,0.00,,,0.00,1.00,,,NA
"Thursday, May 01, 2014",0.00,0.00,,,3.00,6.00,,,NA
"Thursday, May 08, 2014",0.00,0.00,,,12.00,12.00,,,NA
"Thursday, May 15, 2014",1.00,0.00,,,35.00,20.00,,,NA
"Thursday, May 22, 2014",0.00,1.00,,,0.00,3.00,,,NA
"Thursday, May 29, 2014",0.00,1.00,,,0.00,3.00,,,NA
"Thursday, June 05, 2014",0.00,0.00,,,1.00,4.00,,,NA
"Thursday, June 12, 2014",0.00,0.00,,,0.00,0.00,,,NA
"Thursday, June 19, 2014",0.00,0.00,,,27.00,33.00,,,NA
"Thursday, June 26, 2014",0.00,0.00,,,16.00,30.00,,,NA
"Thursday, July 03, 2014",0.00,0.00,,,15.00,18.00,,,NA
"Thursday, July 10, 2014",0.00,0.00,,,5.00,5.00,,,NA
"Thursday, July 17, 2014",0.00,0.00,,,1.00,1.00,,,NA
"Thursday, July 24, 2014",0.00,0.00,,,5.00,3.00,,,NA
"Thursday, July 31, 2014",0.00,0.00,,,4.00,7.00,,,NA
"Thursday, August 07, 2014",0.00,0.00,,,2.00,0.00,,,NA
"Thursday, August 14, 2014",0.00,0.00,,,11.00,2.00,,,NA
"Thursday, August 21, 2014",0.00,0.00,,,14.00,15.00,,,NA
"Thursday, August 28, 2014",0.00,0.00,,,7.00,6.00,,,NA
"Thursday, September 04, 2014",,,,,,,,,NA
"Thursday, September 11, 2014",,,,,,,,,NA
"Thursday, September 18, 2014",,,,,,,,,NA
"Thursday, September 25, 2014",,,,,,,,,NA
"Thursday, October 02, 2014",,,,,,,,,NA
"Thursday, April 02, 2015",,,,,,,,,NA
"Thursday, April 09, 2015",,,,,,,,,NA
"Thursday, April 16, 2015",,,,,,,,,NA
"Thursday, April 23, 2015",0.00,0.00,,,0.00,1.00,,,NA
"Thursday, April 30, 2015",0.00,0.00,,,24.00,32.00,,,NA
"Thursday, May 07, 2015",1.00,3.00,,,50.00,56.00,,,NA
"Thursday, May 14, 2015",0.00,0.00,,,16.00,28.00,,,NA
"Thursday, May 21, 2015",0.00,0.00,,,2.00,4.00,,,NA
"Thursday, May 28, 2015",0.00,0.00,,,3.00,5.00,,,NA
"Thursday, June 04, 2015",0.00,0.00,,,0.00,4.00,,,NA
"Thursday, June 11, 2015",0.00,0.00,,,14.00,104.00,,,NA
"Thursday, June 18, 2015",,,,,103.00,111.00,,,NA
"Thursday, June 25, 2015",,,,,16.00,14.00,,,NA
"Thursday, July 02, 2015",,,,,5.00,33.00,,,NA
"Thursday, July 09, 2015",,,,,0.00,0.00,,,NA
"Thursday, July 16, 2015",,,,,0.00,4.00,,,NA
"Thursday, July 23, 2015",,,,,0.00,3.00,,,NA
"Thursday, July 30, 2015",,,,,2.00,0.00,,,NA
"Thursday, August 06, 2015",,,,,0.00,2.00,,,NA
"Thursday, August 13, 2015",,,,,0.00,0.00,,,NA
"Thursday, August 20, 2015",,,,,6.00,9.00,,,NA
"Thursday, August 27, 2015",,,,,1.00,0.00,,,NA
"Thursday, September 03, 2015",,,,,0.00,8.00,,,NA
"Thursday, September 10, 2015",,,,,2.00,10.00,,,NA
"Thursday, September 17, 2015",,,,,1.00,6.00,,,NA
"Thursday, September 24, 2015",,,,,0.00,1.00,,,NA
"Thursday, October 01, 2015",,,,,0.00,1.00,,,NA
"Thursday, October 08, 2015",,,,,0.00,0.00,,,NA
"Thursday, March 24, 2016",,,,,,,,,NA
"Thursday, March 31, 2016",,,,,,,,,NA
"Thursday, April 07, 2016",,,,,,,,,NA
"Thursday, April 14, 2016",0.00,0.00,,,0.00,0.00,,,NA
"Thursday, April 21, 2016",2.00,4.00,,,15.00,41.00,,,NA
"Thursday, April 28, 2016",2.00,5.00,,,16.00,21.00,,,NA
"Thursday, May 05, 2016",0.00,0.00,,,1.00,1.00,,,NA
"Thursday, May 12, 2016",0.00,0.00,,,3.00,0.00,,,NA
"Thursday, May 19, 2016",0.00,0.00,,,1.00,4.00,,,NA
"Thursday, May 26, 2016",0.00,0.00,,,3.00,2.00,,,NA
"Thursday, June 02, 2016",0.00,0.00,,,4.00,5.00,,,NA
"Sunday, June 12, 2016",0.00,0.00,,,19.00,18.00,,,NA
"Thursday, June 16, 2016",0.00,0.00,,,29.00,22.00,,,NA
"Thursday, June 23, 2016",0.00,0.00,,,29.00,39.00,,,NA
"Thursday, June 30, 2016",0.00,0.00,,,13.00,5.00,,,NA
"Thursday, July 07, 2016",0.00,0.00,,,14.00,10.00,,,NA
"Thursday, July 14, 2016",0.00,0.00,,,5.00,12.00,,,NA
"Thursday, July 21, 2016",0.00,0.00,,,42.00,82.00,,,NA
"Thursday, July 28, 2016",0.00,0.00,,,56.00,67.00,,,NA
"Thursday, August 04, 2016",4.00,0.00,,,35.00,49.00,,,NA
"Thursday, August 11, 2016",5.00,0.00,,,46.00,47.00,,,NA
"Thursday, August 18, 2016",1.00,0.00,,,33.00,31.00,,,NA
"Thursday, August 25, 2016",2.00,0.00,,,43.00,37.00,,,NA
"Thursday, September 01, 2016",5.00,0.00,,,12.00,11.00,,,NA
"Thursday, September 08, 2016",49.00,0.00,,,13.00,15.00,,,NA
"Wednesday, September 14, 2016",10.00,0.00,,,14.00,21.00,,,NA
"Thursday, September 22, 2016",9.00,0.00,,,14.00,15.00,,,NA
"Thursday, September 29, 2016",1.00,0.00,,,4.00,0.00,,,NA
"Thursday, October 06, 2016",0.00,0.00,,,1.00,6.00,,,NA
